_unit_id,says,score,recorded,gender,name,gender:confidence,rules_matched
815729075,non_human,0.996,human,male,04768lktc,0.3494,96
815725796,non_human,0.996,human,female,27349stwd,0.3357,96
815724853,non_human,0.996,human,female,01808gnlb,0.3374,69
815728354,non_human,0.996,human,female,07199jcsc,0.3444,96
815733854,non_human,0.992,human,male,kolaaakatsuo,0.3709,63
815729926,non_human,0.992,human,female,904139Lynn,1.0,53
815730102,non_human,0.992,human,male,Miles_Smith98,0.6692,71
815738619,non_human,0.992,human,female,elizasoberano11,0.356,57
815720698,non_human,0.992,human,female,Dscin_9510,0.6441,53
815738862,non_human,0.992,human,female,Unite24Lq,0.647,46
815724858,non_human,0.992,human,female,missaquarius20c,0.3502,71
815727296,non_human,0.992,human,male,Eddki885Mohamm,0.6837,46
815735555,non_human,0.992,human,male,cocococcooonan,0.3467,63
815733156,non_human,0.992,human,female,lisalisa2123,0.6732,79
815738500,non_human,0.991,human,male,conandoyle5,0.6365,44
815737729,non_human,0.991,human,male,durtgeek,0.6626,14
815730222,non_human,0.991,human,male,pweekes48,0.3489,16
815735245,non_human,0.991,human,male,khalidrafiq141,0.683,27
815726441,non_human,0.991,human,female,dcgblog,0.6889,21
815723179,non_human,0.972,human,male,trapking_P4L,0.6667,18
815734426,non_human,0.972,human,female,JessieJane_21,1.0,15
815723914,non_human,0.972,human,male,khcsportsman85,0.6839,9
815720452,non_human,0.968,human,female,Copypasteadscom,0.6698,11
815732702,non_human,0.968,human,female,WingMayra,0.6589,6
815729767,non_human,0.967,human,male,Lockedinbathroo,0.6848,22
815732050,non_human,0.967,human,female,JuliaGreenwald7,1.0,46
815723018,non_human,0.967,human,female,cathytofine,1.0,46
815729946,non_human,0.967,human,male,N2fotoTed,0.675,46
815732949,non_human,0.967,human,male,Fishsweets,1.0,46
815720082,non_human,0.967,human,male,JohnJohndel2,0.6859,46
815733076,non_human,0.967,human,female,YoshinoPaula,1.0,46
815732426,non_human,0.967,human,male,Biscuit33br,1.0,46
815737377,non_human,0.967,human,male,drichards1302,1.0,46
815730308,non_human,0.967,human,male,Lovey180,0.6572,37
815731663,non_human,0.967,human,female,JulietCohenn,0.6682,46
815726977,non_human,0.967,human,female,bose_58,1.0,46
815736791,non_human,0.967,human,male,yourssssss,0.6613,46
815732958,non_human,0.967,human,male,PeterBrassard,1.0,16
815725947,non_human,0.967,human,female,BARBARASCULLY2,1.0,46
815723711,non_human,0.967,human,male,niceindieman,0.6795,29
815733511,non_human,0.967,human,female,cmcbvc,0.6752,46
815731357,non_human,0.967,human,female,chantalldelport,0.6677,46
815721540,non_human,0.967,human,male,raabulls,0.3498,46
815730692,non_human,0.967,human,male,BigTittieFreak,0.3432,46
815729703,non_human,0.967,human,female,sazzemcsazz,1.0,29
815728495,non_human,0.967,human,male,Cribone,1.0,46
815738631,non_human,0.967,human,male,laulet,0.683,46
815719316,non_human,0.967,human,female,NotNuttyKarl,0.6691,46
815719976,non_human,0.967,human,female,JaneDoe023,1.0,29
815729575,non_human,0.967,human,female,HyltonSandra,1.0,46
815729296,non_human,0.963,human,female,anitabondi,1.0,3
815731023,non_human,0.963,human,male,Ryan_1438,1.0,37
815719951,non_human,0.963,human,male,robert_stock7,0.6617,37
815722703,non_human,0.959,human,female,robinlynnemabin,1.0,2
815739532,non_human,0.959,human,male,WakeTechIntegra,1.0,2
815730414,non_human,0.958,human,female,seagull1973,0.6707,29
815728719,non_human,0.958,human,male,SnowLover78,0.6801,29
815728364,non_human,0.958,human,female,StylesDiana145,0.6654,29
815735651,non_human,0.958,human,male,stanleysuen,1.0,2
815723362,non_human,0.958,human,male,BenWarrener,1.0,29
815736792,non_human,0.958,human,female,MattyPar23,0.6739,29
815738399,non_human,0.958,human,male,enichols168,0.6466,29
815731688,human,0.956,non_human,brand,MBieber_Smith,0.6627,29
815733013,human,0.956,non_human,brand,kaneki_txt,0.669,14
815719581,human,0.956,non_human,brand,IgniteMeRiRi,0.6634,15
815738843,human,0.956,non_human,brand,DCProductionLTD,1.0,10
815731399,human,0.956,non_human,brand,ItsJust_Aileen,0.6618,16
815739350,human,0.956,non_human,brand,noonmohsharfi,0.6585,12
815721594,human,0.956,non_human,brand,NormalLass,0.6707,7
815724761,human,0.956,non_human,brand,sthrob77,0.6727,15
815731772,human,0.956,non_human,brand,MusikDaLYCD,1.0,9
815736293,human,0.956,non_human,brand,TheFuture2Hope4,1.0,4
815732307,human,0.956,non_human,brand,calvin_kieran,0.6825,22
815728286,human,0.956,non_human,brand,SJ_Press,1.0,7
815729092,human,0.956,non_human,brand,WeRWorld,1.0,16
815721268,human,0.956,non_human,brand,chicdecorstyles,1.0,10
815739202,human,0.956,non_human,brand,KidrauhllNey,0.6674,12
815736247,human,0.956,non_human,brand,DevanPalmer,0.6626,10
815719561,human,0.956,non_human,brand,Chargers_NEFL,1.0,10
815723324,human,0.956,non_human,brand,LukeIsASequin,0.6543,16
815734204,human,0.956,non_human,brand,anytimetips,1.0,4
815722517,human,0.956,non_human,brand,ghostofjohanna,0.3574,22
815722976,human,0.956,non_human,brand,WelcomDog,1.0,10
815734068,human,0.956,non_human,brand,Sunglare,0.6723,11
815735103,human,0.956,non_human,brand,GbenroBasit,1.0,10
815739540,human,0.956,non_human,brand,KuKu_EmmaW_fan,0.3418,10
815733845,human,0.956,non_human,brand,JoySeele,0.6539,4
815722137,human,0.956,non_human,brand,Cekeshe,0.6789,21
815733171,human,0.956,non_human,brand,DjSix7Even,1.0,10
815735292,human,0.956,non_human,brand,19jim47,0.6665,10
815733519,human,0.956,non_human,brand,HeshamBeram,0.3312,20
815735349,human,0.956,non_human,brand,thebestmashups,1.0,10
815723600,human,0.956,non_human,brand,AlboSwagger,0.6736,22
815731255,human,0.956,non_human,brand,LondonRIB,1.0,16
815733316,human,0.956,non_human,brand,dialecticube,0.6726,19
815721726,human,0.956,non_human,brand,labelsforlunch,0.6694,30
815728023,human,0.956,non_human,brand,lowkeylwt_,0.3595,37
815734380,human,0.956,non_human,brand,MrAmaru,0.6733,13
815731121,human,0.956,non_human,brand,nevertooo1D,0.6685,15
815738576,human,0.956,non_human,brand,JbSleaz,1.0,13
815719906,human,0.956,non_human,brand,TwistandSports,1.0,20
815730455,human,0.956,non_human,brand,Ragin_Wookie,0.6409,10
815729425,human,0.956,non_human,brand,_Lantern_,0.344,16
815738632,human,0.956,non_human,brand,irishgoespop,0.6688,21
815738672,human,0.956,non_human,brand,SkatersChoiceCO,1.0,16
815737244,human,0.956,non_human,brand,Petersson84,1.0,10
815736693,human,0.956,non_human,brand,hv_younglife,1.0,10
815737271,human,0.956,non_human,brand,breakingadriel,0.3417,13
815720486,human,0.956,non_human,brand,_LHS_Leadership,1.0,10
815737303,human,0.956,non_human,brand,TheOnlyAhmed,0.6751,16
815727046,human,0.956,non_human,brand,DiamondDawit,0.672,20
815727064,human,0.956,non_human,brand,BanJen15,0.6761,10
815720278,human,0.956,non_human,brand,GermanWizard11,0.6789,16
815727926,human,0.956,non_human,brand,facepaulmrevere,1.0,22
815720404,human,0.956,non_human,brand,SimcoeRedcoats,1.0,10
815730710,human,0.956,non_human,brand,MaddieandTaeFly,0.6921,10
815730820,human,0.956,non_human,brand,destiny_weaver,0.3456,22
815738484,human,0.956,non_human,brand,carpetscheshire,1.0,10
815719805,human,0.956,non_human,brand,OHS_SRC,1.0,16
815727157,human,0.956,non_human,brand,in_the_bagPR,1.0,22
815737925,human,0.956,non_human,brand,5SOSHotelReport,1.0,20
815730825,human,0.956,non_human,brand,iWant_Gaga,0.6923,16
815737867,human,0.956,non_human,brand,bones_six7,0.6598,13
815727146,human,0.956,non_human,brand,FightOn2Victory,1.0,22
815737698,human,0.956,non_human,brand,Hessahalkhawari,0.3389,31
815733512,non_human,0.954,human,female,ajhughes23,0.6674,37
815735467,non_human,0.954,human,female,AudrinaDavis1,0.6432,22
815720149,non_human,0.954,human,female,MonicaKoch18,0.6507,37
815721789,non_human,0.954,human,male,cesarmunozn,0.6722,37
815720135,non_human,0.954,human,male,ramomann,0.6791,16
815729067,non_human,0.954,human,female,O8qKkYKnWa7YP3O,0.6641,37
815722012,non_human,0.954,human,male,BinaryeProfit,0.3456,37
815729605,non_human,0.954,human,male,litlgib,1.0,37
815728660,non_human,0.954,human,male,johnomo103,0.6668,37
815723368,non_human,0.954,human,female,JudyLocal,0.6724,37
815727411,non_human,0.954,human,male,louis_singha,0.3597,37
815724789,non_human,0.954,human,male,1001coupons,0.6506,16
815736466,non_human,0.954,human,male,MarioDinardo9,1.0,22
815731979,non_human,0.954,human,male,ernie20056,1.0,22
815735902,non_human,0.954,human,male,rocksvely,1.0,37
815729808,non_human,0.954,human,male,BormanUk2015,0.6794,37
815720491,non_human,0.954,human,female,DebbyCrane,0.6697,37
815739123,non_human,0.954,human,male,john_thorsson,1.0,22
815730530,non_human,0.954,human,female,lisabailey307,0.6807,37
815736779,non_human,0.954,human,male,EasyEarle51,0.6717,37
815728448,non_human,0.954,human,male,Marco41237622,0.6665,37
815736465,non_human,0.954,human,male,JCL782,1.0,37
815721285,non_human,0.954,human,male,HarisBrutalo,0.6605,37
815734591,non_human,0.953,human,female,beautywithin4u2,0.6728,16
815719766,non_human,0.951,human,female,Cafferine,1.0,4
815736636,non_human,0.951,human,male,DanteNevante,0.6684,13
815723237,non_human,0.951,human,male,MohammadNeshat,1.0,13
815728205,non_human,0.951,human,male,cityguyusa,1.0,2
815726463,non_human,0.951,human,female,MarydeVille1,0.6769,11
815722028,non_human,0.951,human,male,leopozos,1.0,4
815736880,non_human,0.951,human,female,VegMilitaryWife,0.6768,2
815732080,non_human,0.951,human,male,HighlyBBe,0.3428,11
815721459,non_human,0.951,human,male,Aranel91,0.6825,13
815735418,non_human,0.951,human,male,AdeWijayaa,1.0,9
815721927,non_human,0.951,human,female,MarinaVotyakova,1.0,7
815724958,non_human,0.95,human,female,carolannbagan,0.349,7
815733661,human,0.947,non_human,brand,LIVESTOCKcanada,1.0,13
815725467,human,0.947,non_human,brand,80slukeftharry,0.6567,10
815734244,human,0.947,non_human,brand,Collinsfrappe,0.3489,13
815725559,human,0.947,non_human,brand,MSK_ISU,0.6724,13
815727202,human,0.947,non_human,brand,Ticketmaster,1.0,13
815725986,human,0.947,non_human,brand,LibromusicaIES,0.6607,10
815723102,human,0.947,non_human,brand,aSEATaxiCab,1.0,13
815726616,human,0.947,non_human,brand,MejoresLook,1.0,13
815723021,human,0.947,non_human,brand,CosmopolitanNG,1.0,13
815723880,human,0.947,non_human,brand,TCultureVulture,0.6445,13
815733891,human,0.947,non_human,brand,lovelittlelush,1.0,13
815723317,human,0.947,non_human,brand,CosmopolitanUK,1.0,10
815730653,human,0.947,non_human,brand,GlitterSpresso,0.6841,13
815731036,human,0.947,non_human,brand,CCS_Skate,1.0,7
815729577,human,0.947,non_human,brand,Crimson_Chaos,1.0,13
815736956,human,0.947,non_human,brand,mytimeIord,0.6554,13
815720445,human,0.947,non_human,brand,LittleMix,0.6623,10
815737507,human,0.947,non_human,brand,RarrDesigns,1.0,13
815720556,human,0.947,non_human,brand,The_Tiders,1.0,13
815722191,human,0.947,non_human,brand,snapchatsupport,1.0,13
815739348,human,0.947,non_human,brand,5sosmeetupdayS,1.0,13
815738920,human,0.947,non_human,brand,CowCandyCo,1.0,13
815721625,human,0.947,non_human,brand,LosHalepenos,1.0,13
815734437,human,0.947,non_human,brand,KathNielsGlobal,1.0,13
815719702,human,0.947,non_human,brand,KitsonLA,1.0,13
815725980,human,0.945,non_human,brand,7digital_UK,0.6666,7
815729142,human,0.945,non_human,brand,DEEJAYMOB,1.0,10
815722319,human,0.944,non_human,brand,ChloeGilchrist1,1.0,9
815738205,human,0.944,non_human,brand,healfranta,0.6685,9
815722743,human,0.944,non_human,brand,iamtwine,0.6656,9
815722244,non_human,0.943,human,female,Chelsea8Riley,1.0,4
815726967,non_human,0.943,human,female,44LETHARosa9,0.6691,7
815720238,non_human,0.943,human,male,craigsmithim,1.0,9
815723643,non_human,0.943,human,male,imjustalive,1.0,3
815731230,non_human,0.943,human,male,johnegolf,0.6737,9
815727903,non_human,0.943,human,female,92CYNTHIAPiper4,1.0,7
815735233,non_human,0.943,human,female,Aethelwhyne,1.0,3
815729407,non_human,0.942,human,male,tomweb06,1.0,3
815726341,non_human,0.942,human,male,OluIsaacTayo,1.0,3
815721517,non_human,0.942,human,male,JoArdell,0.6768,11
815722950,non_human,0.942,human,female,BenoistDaily,0.6764,3
815721793,non_human,0.942,human,female,psu4joe,0.6692,22
815724741,human,0.94,non_human,brand,daejones,0.6736,13
815724539,human,0.94,non_human,brand,SoddersLiger,0.3474,19
815726269,human,0.94,non_human,brand,wandarection_,0.6754,19
815732092,non_human,0.94,human,female,beeinchicago,0.6892,16
815732012,human,0.94,non_human,brand,kenziesachen,0.3361,20
815720588,human,0.94,non_human,brand,tomlinsgomez,0.6508,19
815735938,human,0.94,non_human,brand,yomings,0.3632,19
815720768,human,0.94,non_human,brand,COGICgopChica,0.6774,20
815736009,human,0.94,non_human,brand,pewdiepie_ITBot,0.6766,18
815731398,human,0.94,non_human,brand,hesft1975,0.3462,19
815724819,human,0.94,non_human,brand,Barokoru,0.6879,17
815720888,human,0.94,non_human,brand,Isolated_Shadow,0.6747,19
815721110,human,0.94,non_human,brand,drksportsnews,1.0,20
815736461,human,0.94,non_human,brand,whoaskedyoushit,0.648,19
815737960,human,0.94,non_human,brand,CoolTrainrJulio,0.6562,13
815730430,human,0.94,non_human,brand,Fuegofandango,0.6582,13
815727055,human,0.94,non_human,brand,EventopediaUK,1.0,19
815728680,human,0.94,non_human,brand,DrHotelMario,0.6362,19
815728461,human,0.94,non_human,brand,wickedshrapnel,1.0,19
815728390,human,0.94,non_human,brand,PixelSSB,0.6616,19
815739377,human,0.94,non_human,brand,BarbasolShave,1.0,12
815719699,human,0.94,non_human,brand,inimba,0.6404,22
815728285,human,0.94,non_human,brand,Cellusious,1.0,19
815729162,human,0.94,non_human,brand,StarSignMakoto,0.6743,13
815719776,human,0.94,non_human,brand,Rampantredlion1,0.6672,18
815729321,human,0.94,non_human,brand,nobrightside,0.6566,13
815719911,human,0.94,non_human,brand,SpiritOfEnLes,0.6456,18
815727669,human,0.94,non_human,brand,_shunsou,0.6707,13
815729588,human,0.94,non_human,brand,luciboo80,0.347,19
815727430,human,0.94,non_human,brand,aceIucy,0.6589,19
815720041,human,0.94,non_human,brand,dazM33,0.6678,19
815720053,human,0.94,non_human,brand,ChelseaWrenArt,0.6691,19
815738130,human,0.94,non_human,brand,2faceh,0.6296,17
815727267,human,0.94,non_human,brand,bobcatarts,0.6574,20
815738051,human,0.94,non_human,brand,GiftsVitality,0.6808,19
815729965,human,0.94,non_human,brand,BriMercedes,0.6792,19
815724358,human,0.94,non_human,brand,JesTr0n,0.6639,19
815720206,human,0.94,non_human,brand,SharmarkeAhmed4,1.0,17
815732415,human,0.94,non_human,brand,viria13,0.6543,19
815720701,human,0.94,non_human,brand,jvngwheein,0.6774,19
815734181,human,0.94,non_human,brand,monstracious,0.6578,17
815735282,human,0.94,non_human,brand,darkIaws,0.6602,19
815723056,human,0.94,non_human,brand,byediva,0.6602,19
815721732,human,0.94,non_human,brand,the_dirty_ho,0.6679,11
815733298,human,0.94,non_human,brand,BardockIRL,0.6678,19
815734629,human,0.94,non_human,brand,IHOP,1.0,19
815724051,human,0.94,non_human,brand,bonfiresband,0.6648,19
815722929,human,0.94,non_human,brand,fosteravepro,0.6642,19
815723329,human,0.94,non_human,brand,SketchMasterMJH,0.6659,15
815734044,human,0.94,non_human,brand,Adlez27,1.0,19
815724251,human,0.94,non_human,brand,kamyb22,0.3401,20
815734350,human,0.94,non_human,brand,pumpkin_horse,0.6502,19
815720654,human,0.938,non_human,brand,wellmemedsir,0.6465,4
815720107,human,0.938,non_human,brand,RidgeWorld,0.6612,7
815737028,human,0.938,non_human,brand,beastcoastlyfe,0.6638,7
815724302,human,0.938,non_human,brand,CorsoDavidEd,0.6905,7
815723083,human,0.938,non_human,brand,NHCUpdatesWW,1.0,7
815720844,human,0.938,non_human,brand,TradexFoods,1.0,7
815729709,human,0.938,non_human,brand,AnoudaBlogger,1.0,7
815722461,human,0.938,non_human,brand,DominationTos,0.6458,10
815728125,human,0.938,non_human,brand,OnefaststasisS5,0.6909,2
815727560,human,0.938,non_human,brand,beautybydavinia,0.6636,7
815729897,human,0.938,non_human,brand,Styles2blaze1,1.0,7
815736810,human,0.938,non_human,brand,KSGGeog,1.0,7
815733080,human,0.938,non_human,brand,young_ent,1.0,7
815727824,human,0.938,non_human,brand,Foothill_Dance,1.0,7
815730962,human,0.938,non_human,brand,SmpBangers,0.6769,7
815722876,human,0.938,non_human,brand,FemaIeFltness,0.6686,2
815737550,human,0.938,non_human,brand,CHVRCHESUK,1.0,4
815722026,human,0.937,non_human,brand,CollyPUG,0.6492,7
815727162,human,0.937,non_human,brand,observer,1.0,7
815726241,human,0.937,non_human,brand,BigBoxRadio,1.0,7
815726623,human,0.937,non_human,brand,ZOANTHROPOLOGY,0.6872,7
815719253,human,0.937,non_human,brand,the_offical_ios,0.6667,7
815721032,human,0.937,non_human,brand,OneOfTheDingoes,1.0,3
815725166,human,0.936,non_human,brand,lrhstereo,0.6787,6
815725645,human,0.936,non_human,brand,SMACKHighNY,0.678,8
815727114,human,0.936,non_human,brand,Mythical_Skrub,0.6415,8
815732290,human,0.936,non_human,brand,blazingbooks420,0.6912,8
815732838,human,0.936,non_human,brand,obsessed_boyban,0.6745,6
815736675,human,0.936,non_human,brand,SHSComplimnts,1.0,6
815727291,human,0.936,non_human,brand,iglvzx_ebooks,0.6682,6
815725877,human,0.936,non_human,brand,RaiderDelta,0.6534,8
815733966,human,0.936,non_human,brand,mywaitisu,0.3449,7
815733577,human,0.936,non_human,brand,weeddream420,1.0,8
815729279,human,0.936,non_human,brand,DiversityIsALie,1.0,6
815725173,human,0.936,non_human,brand,powderballcp,1.0,8
815731940,human,0.936,non_human,brand,NYTweetz,0.3498,7
815735622,non_human,0.934,human,male,HffTiago,0.3547,7
815730773,human,0.933,non_human,brand,MoreFifaFun,1.0,3
815732027,non_human,0.931,human,male,iFayaz,1.0,4
815732571,non_human,0.928,human,male,ffourie,0.6527,5
815723023,non_human,0.928,human,male,preilly,1.0,5
815723207,non_human,0.928,human,male,singinsagg,1.0,2
815729669,non_human,0.928,human,female,llednicer,1.0,3
815736587,non_human,0.928,human,female,Wenona8790,1.0,4
815733418,non_human,0.928,human,female,Andera905,1.0,4
815730374,non_human,0.928,human,female,UttDianna,1.0,4
815731371,non_human,0.928,human,male,AidenInskeep,0.6739,4
815720661,non_human,0.928,human,male,aminusania,0.6792,5
815738110,non_human,0.925,human,male,INDIPA,1.0,3
815719393,non_human,0.924,human,male,Kingabdul07,1.0,1
815727032,non_human,0.924,human,male,wilkinsonpaul4,1.0,1
815737633,non_human,0.924,human,male,CliffHCohen,0.6864,1
815719375,non_human,0.924,human,female,msrainerain,1.0,1
815730132,non_human,0.924,human,male,MarcXabiso,1.0,2
815729982,non_human,0.924,human,female,ollieamelia,1.0,1
815739390,non_human,0.924,human,female,keshalovegirl1,1.0,1
815719276,non_human,0.924,human,male,home8biz,0.6415,1
815735174,non_human,0.924,human,female,duckwellsvintag,0.6469,1
815728421,non_human,0.924,human,female,KuruC_ebooks,0.6532,2
815735250,non_human,0.924,human,female,itzmide,0.6595,1
815722184,non_human,0.924,human,male,rnrnhs_memo_5,0.6657,2
815722704,non_human,0.924,human,male,UntzUntzWubWub,0.6785,1
815719654,non_human,0.924,human,male,rabah_wael,0.3388,1
815734151,non_human,0.924,human,female,KarmenDealza,0.6618,1
815722321,non_human,0.924,human,male,richmk01,1.0,1
815727370,non_human,0.924,human,female,Ellenvindyy,0.6618,2
815723129,non_human,0.924,human,male,SHP_Balance,1.0,1
815738697,non_human,0.924,human,female,anacastillejo24,0.6494,2
815734644,non_human,0.924,human,male,xlarspanda,0.668,1
815738501,non_human,0.924,human,male,Bamford_ID,0.6782,1
815738690,non_human,0.924,human,female,pannellarca,1.0,2
815719241,non_human,0.924,human,female,Ayu7sith4,1.0,1
815726922,non_human,0.924,human,male,femmyoju,1.0,1
815724268,non_human,0.924,human,female,LizQuenKingdom4,1.0,2
815736976,non_human,0.924,human,male,sulthinar,1.0,1
815731028,non_human,0.924,human,male,radsongz_YBB,1.0,1
815720658,non_human,0.924,human,female,martiraulmartin,0.6748,1
815735718,non_human,0.924,human,male,joohnnyff,1.0,1
815731252,non_human,0.924,human,female,sylviadouglas20,1.0,1
815725866,non_human,0.924,human,female,LeadWithVideo,1.0,1
815723844,non_human,0.924,human,female,sandrabeckfit,1.0,1
815720772,non_human,0.924,human,female,utau_gyuhwa,0.6751,2
815731732,non_human,0.924,human,male,GeekInfoNow,1.0,1
815725167,non_human,0.924,human,male,josewhales,1.0,1
815731876,non_human,0.924,human,male,georgesonalfred,1.0,2
815725013,non_human,0.924,human,female,BookTalkRadio,1.0,1
815735778,non_human,0.924,human,male,StrongKamal,1.0,1
815736175,non_human,0.924,human,male,harbey102,1.0,1
815724016,non_human,0.924,human,female,PrettyHomeOff,1.0,1
815721211,non_human,0.924,human,male,AyoRahji,0.6679,1
815735785,non_human,0.924,human,male,SachaIDK,1.0,1
815735791,non_human,0.924,human,female,ShannaIDK,1.0,1
815724609,non_human,0.924,human,male,ManaGallis1,0.6902,1
815721453,non_human,0.924,human,male,EeshiO,1.0,1
815724240,non_human,0.924,human,female,PhoenixTalkRad,0.6571,1
815732429,non_human,0.924,human,female,PoweredUpGirl,1.0,1
815724371,non_human,0.924,human,female,AnnieAldridge3,1.0,2
815732468,non_human,0.924,human,female,CoachMultiMedia,1.0,1
815735828,non_human,0.924,human,female,YvetteIDK,1.0,1
815720610,non_human,0.924,human,male,andyhartleyuk,1.0,1
815729051,non_human,0.924,human,male,LukeMtwetwe,0.6617,3
815723730,non_human,0.924,human,female,InspireBeck,1.0,1
815736534,non_human,0.924,human,male,TheMunSession,1.0,1
815730420,non_human,0.924,human,female,AustinpalStacy,1.0,1
815730433,non_human,0.924,human,female,LaurenAmber1,1.0,2
815733429,non_human,0.924,human,female,MayaCob,0.6701,1
815736889,non_human,0.924,human,male,FKittlerbot,0.6785,2
815726388,non_human,0.924,human,female,DonnaIsaiah,1.0,2
815720479,non_human,0.924,human,male,SalesForceReal,0.6721,1
815726280,non_human,0.924,human,female,AddisonMorgan2,1.0,1
815723687,non_human,0.924,human,female,bouncestyle1,1.0,1
815733362,non_human,0.924,human,female,MayaRSun,0.681,1
815729683,human,0.922,non_human,brand,frankenwentz,0.6524,8
815735798,human,0.922,non_human,brand,IamalrightJack,0.6561,6
815734097,human,0.922,non_human,brand,twlldun,0.6656,8
815734996,human,0.922,non_human,brand,soukatsu_,0.3392,10
815735980,human,0.922,non_human,brand,Asahi_Chan86,0.6755,8
815730950,human,0.922,non_human,brand,JJayTee_,0.6743,8
815729944,human,0.922,non_human,brand,gemsglow,0.656,8
815734194,human,0.922,non_human,brand,zelimpa,0.3507,8
815735889,human,0.922,non_human,brand,Ovalegal,0.6715,7
815732024,human,0.922,non_human,brand,rashidgill5,0.6546,8
815738075,human,0.922,non_human,brand,Brawler_WF,1.0,8
815734451,human,0.922,non_human,brand,KrazzyTracy,0.6676,7
815735836,human,0.922,non_human,brand,cliffordatass,0.3515,8
815730339,human,0.922,non_human,brand,shizuizas,1.0,8
815737027,human,0.922,non_human,brand,BACCV,1.0,8
815735371,human,0.922,non_human,brand,FarehamNetwork,1.0,8
815734573,human,0.922,non_human,brand,killuaura,0.341,8
815735624,human,0.922,non_human,brand,IketheNinja14,0.6508,8
815730349,human,0.922,non_human,brand,NWSodor23,0.6354,8
815730816,human,0.922,non_human,brand,lynhamlett1,0.3403,8
815735742,human,0.922,non_human,brand,lukeslouis,0.6937,10
815731477,human,0.922,non_human,brand,sellynatorss,1.0,8
815733214,human,0.922,non_human,brand,MightyAvocado,0.6534,8
815736408,human,0.922,non_human,brand,SimplyAnder,0.6396,8
815736555,human,0.922,non_human,brand,JulianLives,0.6508,8
815738604,human,0.922,non_human,brand,crayoness,0.6577,8
815733992,human,0.922,non_human,brand,BonesDobie,1.0,8
815729409,human,0.922,non_human,brand,monetpearson,1.0,8
815736154,human,0.922,non_human,brand,RazaHussain101,0.6553,8
815731844,human,0.922,non_human,brand,kgracehicks2,0.6429,7
815730777,human,0.922,non_human,brand,TrianglePascal,0.3408,6
815733374,human,0.922,non_human,brand,littleredspook,0.6502,8
815729988,human,0.922,non_human,brand,frozenwarning,1.0,6
815728924,human,0.922,non_human,brand,lawyerinbeta,0.6534,6
815729303,human,0.922,non_human,brand,ajaw_,0.6779,8
815736589,human,0.922,non_human,brand,iamdaman00,0.6476,8
815729633,human,0.922,non_human,brand,Kuwaballer,0.3537,10
815739594,human,0.922,non_human,brand,Gbuschrist,1.0,8
815722857,human,0.922,non_human,brand,ThatBoysGood,1.0,8
815722957,human,0.922,non_human,brand,VirginActiveUK,1.0,6
815727832,human,0.922,non_human,brand,EdelmanGOAT,0.6751,8
815724110,human,0.922,non_human,brand,MochaLattePanda,0.6691,6
815720266,human,0.922,non_human,brand,DolphinDivePro,0.6386,8
815724414,human,0.922,non_human,brand,mike_brach,0.6823,8
815726116,human,0.922,non_human,brand,lonhro,0.6609,8
815724092,human,0.922,non_human,brand,RoloEdits,1.0,8
815721473,human,0.922,non_human,brand,IlIIlllIIIllIlI,1.0,10
815720739,human,0.922,non_human,brand,Noodles105,0.6755,8
815727133,human,0.922,non_human,brand,Tawa8_12,0.6341,8
815720177,human,0.922,non_human,brand,BlueCollarDrWho,0.6603,8
815727388,human,0.922,non_human,brand,mojo_YOjo,0.6368,8
815725026,human,0.922,non_human,brand,Marlnnn,0.6555,6
815728363,human,0.922,non_human,brand,Unitedinprayer1,1.0,8
815728765,human,0.922,non_human,brand,PsychospamYT,1.0,8
815721053,human,0.922,non_human,brand,10MinDQ,1.0,8
815720381,human,0.922,non_human,brand,intermtnsports,1.0,8
815719930,human,0.922,non_human,brand,StevePowellUKIP,0.6766,6
815727024,human,0.922,non_human,brand,loseyourself235,0.3397,10
815722164,human,0.922,non_human,brand,oCruiise,0.6368,8
815737967,human,0.913,non_human,brand,ACHoang32,1.0,3
815724077,human,0.913,non_human,brand,vBubblez,0.6524,4
815730796,human,0.913,non_human,brand,ReindeerBrayden,0.6692,2
815738253,human,0.913,non_human,brand,cashset_Lae,1.0,2
815721127,human,0.913,non_human,brand,KearnyMesaFIAT,1.0,3
815738070,human,0.913,non_human,brand,StrikeFM,1.0,4
815720070,human,0.913,non_human,brand,CyberneticPym,0.6523,1
815720067,human,0.913,non_human,brand,cyberwuff,0.6857,4
815721239,human,0.913,non_human,brand,RedLineCommuter,0.3551,4
815730555,human,0.913,non_human,brand,GMDancers,1.0,4
815733336,human,0.913,non_human,brand,OSTtalk,1.0,2
815723611,human,0.913,non_human,brand,vitalninjaYT,0.6734,1
815726719,human,0.913,non_human,brand,Shutter_Lense,0.3459,1
815726780,non_human,0.913,human,male,BadCornstick,1.0,1
815726817,human,0.913,non_human,brand,ZeusCarver,0.6471,3
815719997,human,0.913,non_human,brand,AudreyEnjoyLife,0.6655,4
815720088,human,0.913,non_human,brand,RONAinc,1.0,4
815723028,human,0.913,non_human,brand,inthebarberry,0.6526,4
815724144,human,0.913,non_human,brand,PopKarma,1.0,2
815736374,human,0.913,non_human,brand,AkraticBehavior,0.6818,5
815724834,human,0.913,non_human,brand,meekjr_,0.6542,4
815724798,human,0.913,non_human,brand,BognorRegisHour,1.0,2
815731889,human,0.913,non_human,brand,311guy,0.6619,2
815724599,human,0.913,non_human,brand,d_michaelsatele,0.6333,6
815732136,human,0.913,non_human,brand,Dormality,1.0,3
815732178,human,0.913,non_human,brand,dariancordova,0.6615,3
815731753,human,0.913,non_human,brand,InRainesville,0.6887,2
815736853,human,0.913,non_human,brand,theARKHAM_,0.6809,1
815731718,human,0.913,non_human,brand,AlmiiCuello,0.314,4
815732407,human,0.913,non_human,brand,IUParking,1.0,4
815725330,human,0.913,non_human,brand,nuki_shitposts,0.6446,4
815720345,human,0.913,non_human,brand,Rombaart,1.0,3
815737337,human,0.913,non_human,brand,KCSAR,1.0,2
815724385,human,0.913,non_human,brand,afscot,0.6619,3
815720454,human,0.913,non_human,brand,BrandsKingdom,1.0,4
815720508,human,0.913,non_human,brand,kgon,1.0,4
815732567,human,0.913,non_human,brand,Thor_of_Asgard1,1.0,2
815737554,human,0.913,non_human,brand,przemusiowa,0.6461,4
815737618,human,0.913,non_human,brand,theunitedmanc,1.0,2
815725934,human,0.913,non_human,brand,erynies,0.6488,4
815724209,human,0.913,non_human,brand,brewerpackaging,1.0,4
815719949,human,0.913,non_human,brand,GirlOnUtd,0.6672,4
815732901,human,0.913,non_human,brand,SLightmaree,0.6614,2
815730262,human,0.913,non_human,brand,Kyuugayaku,0.6685,4
815738467,human,0.913,non_human,brand,aafx0_,1.0,1
815722836,human,0.913,non_human,brand,handbuiltcity,1.0,4
815727324,human,0.913,non_human,brand,MrmappyINOF,0.6574,4
815729691,human,0.913,non_human,brand,History_Hit,1.0,2
815721979,human,0.913,non_human,brand,biIIielurk,0.3566,4
815727542,human,0.913,non_human,brand,gene14800846,1.0,1
815735283,human,0.913,non_human,brand,TruthBToldDe,0.647,3
815722828,human,0.913,non_human,brand,JKE_G,0.6769,3
815729545,human,0.913,non_human,brand,ClanViolent,0.6579,1
815734342,human,0.913,non_human,brand,dadadaily,0.6534,4
815722785,human,0.913,non_human,brand,CentralValleyTV,1.0,4
815727895,human,0.913,non_human,brand,_Turntway,0.6589,2
815739264,non_human,0.913,human,female,Pilates_Balance,1.0,1
815722730,human,0.913,non_human,brand,naegisnaegi,0.6618,6
815728081,human,0.913,non_human,brand,The_Kohinoor,0.6569,4
815739402,human,0.913,non_human,brand,KINGPOM_FUCKYOU,0.6661,2
815729201,human,0.913,non_human,brand,KazJester,0.6591,2
815728098,human,0.913,non_human,brand,Hollyoakslover3,0.6674,3
815734513,human,0.913,non_human,brand,bama_tweets,0.6615,4
815729137,human,0.913,non_human,brand,VerseUniverse,0.6688,3
815722474,human,0.913,non_human,brand,bpeculiarmusic,1.0,4
815734600,human,0.913,non_human,brand,JonaSchnedi,0.3418,3
815734999,human,0.913,non_human,brand,Nuevomedio,1.0,3
815728809,non_human,0.913,human,female,its_alicia,1.0,1
815723037,human,0.913,non_human,brand,My1Universe,1.0,2
815720383,human,0.913,non_human,brand,ROYelHassan,0.6789,4
815733835,human,0.913,non_human,brand,bcfc_fans_fc,1.0,1
815727299,human,0.913,non_human,brand,BIRP,0.6739,4
815733716,human,0.913,non_human,brand,SuicideBiscuits,0.6683,4
815735607,human,0.913,non_human,brand,Porcelanosa_EN,1.0,3
815730130,human,0.913,non_human,brand,worldrafanadal,1.0,1
815727242,non_human,0.913,human,male,MveliManyatsi,1.0,1
815727117,human,0.913,non_human,brand,Hobie_Dog,0.66,2
815719832,human,0.913,non_human,brand,DeadlyRave,0.6617,4
815727109,human,0.913,non_human,brand,loookapanda,0.6705,3
815727136,human,0.913,non_human,brand,Ididntfart,0.6796,1
815732398,human,0.909,non_human,brand,613Linkshot,0.6672,6
815723461,human,0.909,non_human,brand,RevoLouTiontalk,1.0,1
815732360,human,0.909,non_human,brand,SoftballConnect,0.6699,6
815733464,human,0.909,non_human,brand,QuestionAll7,1.0,6
815733444,human,0.909,non_human,brand,LushWeCare,1.0,6
815735138,human,0.909,non_human,brand,FrostyBear21,0.6641,6
815735694,human,0.909,non_human,brand,SWTvictim,0.6597,6
815732421,human,0.909,non_human,brand,Bigoldsupermoon,0.6557,6
815724033,human,0.909,non_human,brand,ssnaqi,0.6656,6
815735871,human,0.909,non_human,brand,Doctorwhat2,0.6743,5
815734398,human,0.909,non_human,brand,1electricpirate,0.3577,6
815724598,human,0.909,non_human,brand,Mrs_SamusAran,0.3478,6
815724891,human,0.909,non_human,brand,feedingjoy,1.0,1
815733491,human,0.909,non_human,brand,TeamAHarmon,0.6847,1
815734913,human,0.909,non_human,brand,squid_girl_,0.6525,1
815724745,human,0.909,non_human,brand,deacon_smith,1.0,6
815734827,human,0.909,non_human,brand,triggzyy,0.3408,3
815733504,human,0.909,non_human,brand,WhatsGrammar,0.6777,6
815722207,human,0.909,non_human,brand,TeamGalaxyZA,1.0,1
815734367,human,0.909,non_human,brand,HenryBeans,0.6757,6
815722186,human,0.909,non_human,brand,CWert41,0.6944,5
815723474,human,0.909,non_human,brand,MrMoustacheCat,0.6833,6
815721909,human,0.909,non_human,brand,Dessy_Dragon,0.6946,6
815721955,human,0.909,non_human,brand,etdrmz121,1.0,1
815735389,human,0.909,non_human,brand,Thatdamn_Scrapp,0.3383,6
815723265,human,0.909,non_human,brand,AstroAthene,0.6625,6
815721972,human,0.909,non_human,brand,AMCx32,0.6602,6
815728912,human,0.909,non_human,brand,superTV247,1.0,6
815735294,human,0.909,non_human,brand,TWDSAfrica,1.0,6
815723888,human,0.909,non_human,brand,DubbzBear,0.6409,6
815732763,human,0.909,non_human,brand,RemixGOAT,0.6766,1
815722758,human,0.909,non_human,brand,polwrestling,0.3429,1
815736462,human,0.909,non_human,brand,GetYourTipsOut,1.0,6
815733375,human,0.909,non_human,brand,wisdomdakini2,1.0,1
815736489,human,0.909,non_human,brand,TravelHistory_,0.6735,6
815720525,human,0.909,non_human,brand,reisakuma,0.6769,6
815732581,human,0.909,non_human,brand,Lazybotts,1.0,6
815724331,human,0.909,non_human,brand,Zachs_A_Million,0.6619,6
815735533,human,0.909,non_human,brand,CanadianBeats1,1.0,6
815723593,human,0.909,non_human,brand,spazil,0.6707,6
815723537,human,0.909,non_human,brand,BlackTopMediaUK,0.6561,6
815734805,human,0.909,non_human,brand,nutellAHarris24,0.3385,6
815724980,human,0.909,non_human,brand,ARIZONATWEETZ,0.3424,6
815726256,human,0.909,non_human,brand,ltmcdies,1.0,4
815729379,human,0.909,non_human,brand,_LifeInSong_,1.0,1
815739043,human,0.909,non_human,brand,AsahSkye,0.6667,6
815731019,human,0.909,non_human,brand,voidfangchest,0.6796,6
815727663,human,0.909,non_human,brand,Brandonuts_Game,1.0,1
815719686,human,0.909,non_human,brand,SchuckJH,0.6765,6
815726036,human,0.909,non_human,brand,crushthebookie,1.0,6
815727643,human,0.909,non_human,brand,MartyMcTweet,0.6474,5
815726086,human,0.909,non_human,brand,250thouin365,0.6826,1
815727535,human,0.909,non_human,brand,ottawaclique,0.3396,1
815727461,human,0.909,non_human,brand,antelopeezer,0.6882,6
815720072,human,0.909,non_human,brand,ckcucco,0.6711,6
815729732,human,0.909,non_human,brand,wizandskinsfan,1.0,1
815739241,human,0.909,non_human,brand,LearnBhangraApp,1.0,1
815738807,human,0.909,non_human,brand,94charminglouis,0.6686,6
815730595,human,0.909,non_human,brand,SunshineGal24,0.664,1
815719800,human,0.909,non_human,brand,KeizerCyrus,0.3388,6
815730536,human,0.909,non_human,brand,TedTerrier,0.6701,6
815738686,human,0.909,non_human,brand,CandidoDhess,0.6698,6
815736924,human,0.909,non_human,brand,mbtimelord,0.3587,1
815729981,human,0.909,non_human,brand,stingreyesXC,0.6545,1
815730419,human,0.909,non_human,brand,TaimedGrimes,1.0,1
815719992,human,0.909,non_human,brand,Heefosaurus,0.6649,6
815730207,human,0.909,non_human,brand,WanderingNewbie,0.658,5
815719940,human,0.909,non_human,brand,Nebachudrezzar,0.6805,1
815737513,human,0.909,non_human,brand,coyotes_ebooks,0.6839,1
815737902,human,0.909,non_human,brand,UOTrackFangirl,0.6472,6
815739270,human,0.909,non_human,brand,_boog1,0.6653,6
815737367,human,0.909,non_human,brand,unfoldURwings,0.6572,1
815739580,human,0.909,non_human,brand,BabiesGunsJesus,0.6354,5
815719264,human,0.909,non_human,brand,lifessubatomic,1.0,6
815728790,human,0.909,non_human,brand,DoHoBOB,0.3472,6
815728295,human,0.909,non_human,brand,superwomanchick,0.6658,8
815725154,human,0.909,non_human,brand,SMACKHighWA,1.0,6
815725192,human,0.909,non_human,brand,fact275,0.6725,6
815739429,human,0.909,non_human,brand,LOSGIDDY,0.3489,6
815728172,human,0.909,non_human,brand,Re_lDonaldTrump,0.673,1
815731549,human,0.909,non_human,brand,Phoenixarised,0.6525,6
815719597,human,0.909,non_human,brand,DenmattdomR,0.6754,1
815725537,human,0.909,non_human,brand,iambnoone,1.0,1
815729176,human,0.909,non_human,brand,rasputinmethod,0.6774,5
815730108,human,0.909,non_human,brand,KrustyAllslopp,0.6759,6
815737381,human,0.909,non_human,brand,JackRogersUSA,0.6798,5
815731290,human,0.909,non_human,brand,turnertech_carl,0.6654,6
815719619,human,0.907,non_human,brand,Pixelfish,0.6576,6
815721529,human,0.907,non_human,brand,GrizzleBF,1.0,5
815739231,human,0.907,non_human,brand,BarbaraHewson,0.6698,6
815735767,human,0.907,non_human,brand,catholic_nun,0.6681,6
815719664,human,0.907,non_human,brand,Bstbookpromos,1.0,2
815721769,human,0.907,non_human,brand,lootcrate,1.0,6
815739317,human,0.907,non_human,brand,itzdizzle,0.6623,5
815719907,human,0.907,non_human,brand,flotsamfiles,0.6394,2
815738948,human,0.907,non_human,brand,forestbirb,0.3415,6
815735008,human,0.907,non_human,brand,MistyDragon13,0.6529,6
815721806,human,0.907,non_human,brand,660NEWSTraffic,1.0,5
815735627,human,0.907,non_human,brand,YO_SOY_DR,1.0,2
815719863,human,0.907,non_human,brand,microdile,0.3494,5
815719693,human,0.907,non_human,brand,TreJinkins,0.6508,6
815722030,human,0.907,non_human,brand,NeilaK20,0.6591,6
815735055,human,0.907,non_human,brand,L7Vinal,1.0,6
815738725,human,0.907,non_human,brand,FilAEK,0.6578,2
815738727,human,0.907,non_human,brand,JDSempai,0.3457,6
815722327,human,0.907,non_human,brand,hulk4477,0.668,2
815722160,human,0.907,non_human,brand,sigmacoder,0.6497,2
815735409,human,0.907,non_human,brand,shad_rahman_,0.3559,2
815739271,human,0.907,non_human,brand,loserstation,1.0,6
815719798,human,0.907,non_human,brand,MiwanakamuraEBS,0.6616,2
815738851,human,0.907,non_human,brand,ToneItUp,1.0,5
815735225,human,0.907,non_human,brand,hologramvron,0.6475,6
815722235,human,0.907,non_human,brand,teamstersonline,1.0,2
815735146,human,0.907,non_human,brand,GripenNews,1.0,5
815721511,human,0.907,non_human,brand,RepublicanDojo,1.0,2
815738412,human,0.907,non_human,brand,iAxX23,0.6504,6
815735832,human,0.907,non_human,brand,GastroGays,1.0,6
815737365,human,0.907,non_human,brand,AUSCITY_Forums,1.0,2
815736412,human,0.907,non_human,brand,armadillomon,1.0,6
815720239,human,0.907,non_human,brand,Butcherr666,0.6468,6
815720284,human,0.907,non_human,brand,LifeAtPurdue,1.0,5
815737509,human,0.907,non_human,brand,viperblood77,1.0,6
815736474,human,0.907,non_human,brand,ThreeGymnopedie,0.3447,2
815720301,human,0.907,non_human,brand,irisannwests,0.6723,6
815736601,human,0.907,non_human,brand,Lunatik_guy,0.3425,8
815737404,human,0.907,non_human,brand,drgnkiller,0.6656,5
815720340,human,0.907,non_human,brand,etailPR,1.0,5
815736615,human,0.907,non_human,brand,WaltFrench,0.6448,5
815720451,human,0.907,non_human,brand,Dem5SOS_Updates,1.0,6
815721493,human,0.907,non_human,brand,RBHorseRacing,1.0,6
815737122,human,0.907,non_human,brand,musicinfuse,1.0,2
815737111,human,0.907,non_human,brand,jab50yen,0.6653,6
815737036,human,0.907,non_human,brand,DefiantBA,1.0,6
815737004,human,0.907,non_human,brand,Milena_mico,0.3423,2
815720443,human,0.907,non_human,brand,always_vote,0.6736,6
815720405,human,0.907,non_human,brand,northernrailorg,1.0,5
815720373,human,0.907,non_human,brand,almawari,0.3358,2
815734799,human,0.907,non_human,brand,johnxiethor,0.6617,2
815736962,human,0.907,non_human,brand,goatsworthy,0.3571,8
815736943,human,0.907,non_human,brand,trivialattire,0.3387,6
815720897,human,0.907,non_human,brand,bulexmagazine,1.0,2
815720156,human,0.907,non_human,brand,rockandpink4u,0.6683,2
815736330,human,0.907,non_human,brand,Jazzzyone,0.6558,6
815720114,human,0.907,non_human,brand,DCDouchbag,1.0,6
815720003,human,0.907,non_human,brand,NotLikeFreddy,0.6653,6
815738456,human,0.907,non_human,brand,Based1UP,0.6516,2
815738427,human,0.907,non_human,brand,ThorThe_God,1.0,6
815721305,human,0.907,non_human,brand,HealthItCaucus,1.0,2
815720014,human,0.907,non_human,brand,DJ_UnDisTone,0.6571,2
815721286,human,0.907,non_human,brand,phenokage,0.6691,7
815738361,human,0.907,non_human,brand,Imreallyshitty,0.676,6
815721246,human,0.907,non_human,brand,jadespr1te,0.6655,6
815738337,human,0.907,non_human,brand,mikleomore,0.6601,6
815735994,human,0.907,non_human,brand,Wins2011,1.0,2
815736026,human,0.907,non_human,brand,TakiingFliights,0.6717,2
815736095,human,0.907,non_human,brand,funkboii,0.6815,5
815738177,human,0.907,non_human,brand,IUNewsTalk,1.0,5
815736106,human,0.907,non_human,brand,bestofgemini_,0.6612,2
815736168,human,0.907,non_human,brand,MFM926,1.0,5
815736177,human,0.907,non_human,brand,Tetsuo9999,0.6621,2
815738012,human,0.907,non_human,brand,r_wolfcastle,0.6602,6
815736240,human,0.907,non_human,brand,owldom,0.6556,5
815721074,human,0.907,non_human,brand,livin_the_life5,0.6637,2
815736281,human,0.907,non_human,brand,bbbrieger,1.0,6
815736297,human,0.907,non_human,brand,MagPromo,1.0,2
815736972,human,0.907,non_human,brand,TheLatsbrah,0.6455,2
815728897,human,0.907,non_human,brand,toyremedy,1.0,2
815734772,human,0.907,non_human,brand,AspireAcademy,1.0,5
815725885,human,0.907,non_human,brand,breebird33,0.6404,6
815725481,human,0.907,non_human,brand,LAKERFANATICS,1.0,5
815725550,human,0.907,non_human,brand,SMACKHighCT,1.0,6
815725551,human,0.907,non_human,brand,pesra01,0.6552,6
815725754,human,0.907,non_human,brand,K1LLz_,0.369,2
815731321,human,0.907,non_human,brand,GothGalaxyGirl,0.6751,6
815725823,human,0.907,non_human,brand,real_x_medium,0.6706,2
815725895,human,0.907,non_human,brand,spoon9z,1.0,5
815726298,human,0.907,non_human,brand,Koran_Inggris,1.0,2
815731140,human,0.907,non_human,brand,ImWryz,0.6475,2
815725955,human,0.907,non_human,brand,99designs,1.0,5
815725971,human,0.907,non_human,brand,TheTodayShow,1.0,6
815731009,human,0.907,non_human,brand,GMShivers,0.6638,6
815731005,human,0.907,non_human,brand,samisuperfly,0.3354,5
815731002,human,0.907,non_human,brand,Backspacebills,1.0,2
815731526,human,0.907,non_human,brand,paparatti,0.6361,5
815725233,human,0.907,non_human,brand,WhatMaffTweets,0.3417,5
815731692,human,0.907,non_human,brand,PG_ESAM,0.3449,6
815731719,human,0.907,non_human,brand,greysbot,1.0,2
815731801,human,0.907,non_human,brand,MRJJIZZLE,0.677,2
815731845,human,0.907,non_human,brand,sugarspankhorn,0.65,6
815731898,human,0.907,non_human,brand,GLassdezignz,1.0,2
815731926,human,0.907,non_human,brand,Dominos_UK,1.0,6
815732190,human,0.907,non_human,brand,joXn,0.3547,5
815724518,human,0.907,non_human,brand,100trains,1.0,6
815724452,human,0.907,non_human,brand,michaelcoyote,0.3494,6
815724408,human,0.907,non_human,brand,keystomarketing,1.0,2
815732432,human,0.907,non_human,brand,SHU10c,0.6569,2
815732461,human,0.907,non_human,brand,xmaya5sos,0.3463,6
815732641,human,0.907,non_human,brand,sollen5252,1.0,2
815732647,human,0.907,non_human,brand,icanttt,0.6835,2
815724321,human,0.907,non_human,brand,TrickyBee,0.6711,6
815730738,human,0.907,non_human,brand,94heskind,1.0,6
815730678,human,0.907,non_human,brand,SHERWlND,0.6385,6
815732878,human,0.907,non_human,brand,GMcCorrister,0.6471,6
815729346,human,0.907,non_human,brand,_yanwari,0.6536,2
815729653,human,0.907,non_human,brand,ljgrover22,1.0,2
815729597,human,0.907,non_human,brand,CrimsonLCC,0.658,2
815727673,human,0.907,non_human,brand,waddledeequeen,1.0,6
815727725,human,0.907,non_human,brand,tomlinflows,0.6643,6
815729480,human,0.907,non_human,brand,Chickenify,1.0,6
815727792,human,0.907,non_human,brand,locatheshowgirl,0.672,6
815728020,human,0.907,non_human,brand,sungohst,0.3354,6
815730551,human,0.907,non_human,brand,thebigbrother9,1.0,2
815729310,human,0.907,non_human,brand,Rob_Simple,0.3548,5
815728057,human,0.907,non_human,brand,JustEatUK,1.0,5
815729284,human,0.907,non_human,brand,Punkbusinesstv,1.0,2
815729210,human,0.907,non_human,brand,balticblau,0.6608,5
815729108,human,0.907,non_human,brand,CoastlneConsult,1.0,5
815728940,human,0.907,non_human,brand,HowitzerDoogie,0.6575,6
815727413,human,0.907,non_human,brand,combeferretxt,0.6581,6
815729716,human,0.907,non_human,brand,E_BPR,0.6852,2
815729770,human,0.907,non_human,brand,DeThunderScoots,1.0,6
815727317,human,0.907,non_human,brand,TVRepublik,1.0,6
815729856,human,0.907,non_human,brand,whatsontvuk,1.0,2
815727261,human,0.907,non_human,brand,dBlackHiPPyfan,0.6735,2
815727217,human,0.907,non_human,brand,lynx_3053,0.6802,2
815727210,human,0.907,non_human,brand,haineystuart,0.6506,2
815730159,human,0.907,non_human,brand,joriestory,1.0,6
815730167,human,0.907,non_human,brand,twinkhedgehog,0.6506,6
815727080,human,0.907,non_human,brand,TakeThatDarwin,1.0,6
815730322,human,0.907,non_human,brand,TrueLies6,0.6643,5
815727013,human,0.907,non_human,brand,FollowingjobCom,1.0,2
815726930,human,0.907,non_human,brand,sensualsehun,0.6578,6
815726855,human,0.907,non_human,brand,AsdaServiceTeam,1.0,6
815726689,human,0.907,non_human,brand,Gh0st2126,0.6761,6
815730449,human,0.907,non_human,brand,ZroHour,0.6529,6
815732721,human,0.907,non_human,brand,sindarina,0.6674,5
815719232,human,0.907,non_human,brand,Shutterstock,1.0,5
815733673,human,0.907,non_human,brand,FarpointToys,0.6692,2
815733562,human,0.907,non_human,brand,3CountThursday,1.0,6
815722995,human,0.907,non_human,brand,C_S__,0.6613,2
815734008,human,0.907,non_human,brand,Shim_bop,1.0,6
815723163,human,0.907,non_human,brand,E9_UP_K8,1.0,2
815733960,human,0.907,non_human,brand,SouthwestAir,1.0,5
815723188,human,0.907,non_human,brand,DY_IO_23,1.0,2
815733174,human,0.907,non_human,brand,daddy_unchained,0.3303,7
815723206,human,0.907,non_human,brand,ChayseFox,0.6577,5
815733793,human,0.907,non_human,brand,AIgerian,0.6597,6
815733770,human,0.907,non_human,brand,nyaneyan,0.6617,6
815733718,human,0.907,non_human,brand,poor2016,1.0,2
815723871,human,0.907,non_human,brand,Iouvinglwt,0.3388,6
815733675,human,0.907,non_human,brand,XUrbanSimsX,0.672,6
815723827,human,0.907,non_human,brand,Dewhz,0.6672,6
815733327,human,0.907,non_human,brand,Ilusional_COD,1.0,2
815723674,human,0.907,non_human,brand,ISUPK_OREGON,1.0,2
815733376,human,0.907,non_human,brand,ShepherdThor,0.6771,6
815723581,human,0.907,non_human,brand,judyleajackson,1.0,5
815723426,human,0.907,non_human,brand,Torbay_Hour,1.0,6
815733433,human,0.907,non_human,brand,gatorschomp1019,1.0,2
815733468,human,0.907,non_human,brand,StockExpert3,1.0,2
815733644,human,0.907,non_human,brand,byZayys,1.0,2
815734078,human,0.907,non_human,brand,novandogiantino,1.0,2
815723952,human,0.907,non_human,brand,mom2yahoos,0.3571,2
815734090,human,0.907,non_human,brand,ShortAndCrunch,1.0,2
815733160,human,0.907,non_human,brand,faviator,0.688,6
815732884,human,0.907,non_human,brand,_Meio_Ambiente,0.6634,2
815722430,human,0.907,non_human,brand,creeper32605,0.6432,6
815722434,human,0.907,non_human,brand,X9_DP_71,1.0,2
815732902,human,0.907,non_human,brand,scgovLibrary,1.0,5
815732920,human,0.907,non_human,brand,StripedGypsum,0.6742,6
815734524,human,0.907,non_human,brand,McJerkyface,0.6754,2
815734519,human,0.907,non_human,brand,RyProductions_,0.6684,6
815722721,human,0.907,non_human,brand,leahanneta,1.0,2
815734420,human,0.907,non_human,brand,pepperqt,0.6569,6
815734415,human,0.907,non_human,brand,SaltCreekCN,1.0,6
815733002,human,0.907,non_human,brand,SpinsterAndCat,0.6581,6
815734397,human,0.907,non_human,brand,sonicherosfan,0.6846,5
815733005,human,0.907,non_human,brand,DIRTYSTORIES,1.0,6
815724107,human,0.907,non_human,brand,MTVBrasil,1.0,6
815733042,human,0.907,non_human,brand,apocfilms,1.0,2
815734375,human,0.907,non_human,brand,semieitas,0.6727,6
815722928,human,0.907,non_human,brand,KenyaCrazyMedia,1.0,2
815733100,human,0.907,non_human,brand,hell_ass_,0.6769,6
815722970,human,0.907,non_human,brand,MathPowerPoints,0.6349,2
815733637,human,0.907,non_human,brand,Fony_Zony,0.6565,6
815734400,non_human,0.906,human,female,3WHITNEY468,1.0,1
815737800,non_human,0.906,human,male,LabeledDior,1.0,1
815720885,non_human,0.906,human,male,blavejr,0.6576,1
815737216,non_human,0.906,human,male,humblecute,1.0,1
815725910,non_human,0.901,human,female,RhemaVerses,1.0,1
815738652,non_human,0.901,human,female,naddiesconnect,1.0,1
815738961,non_human,0.901,human,female,nuestro_yhvette,0.6625,1
815720470,non_human,0.901,human,female,CampbellDerric1,1.0,1
815720438,non_human,0.901,human,female,EdnaFitzgerald8,1.0,1
815738914,non_human,0.901,human,female,BootmanChristin,1.0,1
815733049,non_human,0.901,human,male,tylerusesoap,1.0,1
815724897,non_human,0.901,human,male,chzbizman,0.6795,1
815731922,non_human,0.901,human,male,robertmeyer9,1.0,1
815729743,non_human,0.901,human,female,fesylacinug,1.0,1
815738780,non_human,0.901,human,female,liizasoberrano,0.6436,1
815738772,non_human,0.901,human,female,jenniequez,1.0,1
815736156,non_human,0.901,human,male,BriannaRyder4,1.0,1
815725073,non_human,0.901,human,female,Charlot02798732,1.0,1
815721170,non_human,0.901,human,male,KuzeHibiki_AR,0.6691,1
815736139,non_human,0.901,human,male,Marqel_whoelse,1.0,1
815720363,non_human,0.901,human,female,quen4_liz,0.6666,1
815738683,non_human,0.901,human,female,LeezaMari15,0.6674,1
815720511,non_human,0.901,human,male,TraceyRobert1,1.0,1
815724370,non_human,0.901,human,male,AlbertLeah1,0.6718,1
815739135,non_human,0.901,human,female,sekiyamaki02,1.0,1
815732706,non_human,0.901,human,male,fantasybballbot,0.6623,1
815728937,non_human,0.901,human,female,cintasejatiku16,1.0,1
815722351,non_human,0.901,human,female,liz_quen3,1.0,1
815719303,non_human,0.901,human,female,BuzzellNatalie,1.0,1
815722347,non_human,0.901,human,female,prslava15,0.671,1
815720534,non_human,0.901,human,male,PorterAutumn,1.0,1
815719568,non_human,0.901,human,female,RichardsBirch,0.6633,1
815719595,non_human,0.901,human,female,WarrenColton1,1.0,1
815720524,non_human,0.901,human,female,JuliaAdamson4,1.0,1
815739194,non_human,0.901,human,female,GregoriaKarper,1.0,1
815728046,non_human,0.901,human,male,TYdaSHIT,1.0,1
815720519,non_human,0.901,human,female,KatelynAlyssa5,1.0,1
815720517,non_human,0.901,human,female,PamelaW76653339,1.0,1
815729331,non_human,0.901,human,female,AshuriiTsuki,0.3404,1
815722749,non_human,0.901,human,female,ThomasH29137281,1.0,1
815736314,non_human,0.901,human,female,MarshmanJose,1.0,1
815719627,non_human,0.901,human,female,CramerRonald1,1.0,1
815734768,non_human,0.901,human,female,JessicaThePoet,1.0,1
815738639,non_human,0.901,human,female,rhemalog,1.0,1
815731204,non_human,0.901,human,male,MarshmallowStan,1.0,1
815726222,non_human,0.901,human,male,CampbellNevill,1.0,1
815726362,non_human,0.901,human,female,FaberLayla,1.0,1
815720037,non_human,0.901,human,male,DavidThinkr,1.0,1
815732747,non_human,0.901,human,male,kdotbandz,1.0,1
815720063,non_human,0.901,human,male,Keepontruckin71,0.6795,1
815721740,non_human,0.901,human,female,ThorndikeSalisb,1.0,1
815726262,non_human,0.901,human,male,MasculineGamer,1.0,1
815731319,non_human,0.901,human,male,JaydenHawkins1,1.0,1
815726197,non_human,0.901,human,male,BenjaminHayden3,0.6879,1
815726373,non_human,0.901,human,female,AdamCoo64216897,0.3335,1
815730880,non_human,0.901,human,female,PearlyDenoble,1.0,1
815725994,non_human,0.901,human,female,GilmoreRalphs,1.0,1
815721715,non_human,0.901,human,male,AtchesonRiley,1.0,1
815721664,non_human,0.901,human,female,PassTimothy,0.6613,1
815721565,non_human,0.901,human,male,TinyYoshikage,1.0,1
815731267,non_human,0.901,human,female,LucyPearcy1,1.0,1
815723527,non_human,0.901,human,female,CampbellAustin4,0.6699,1
815720343,non_human,0.901,human,female,HopeQuen3,0.688,1
815726374,non_human,0.901,human,female,PatersonJoan,1.0,1
815719886,non_human,0.901,human,male,AngryBlkManDC,1.0,1
815733291,non_human,0.901,human,male,Ljbondz_KKMG,1.0,1
815729983,non_human,0.901,human,male,rylsndvs,1.0,1
815721938,non_human,0.901,human,female,yesiluvmcds,0.353,1
815738617,non_human,0.901,human,male,BenedictoRonel,1.0,1
815738612,non_human,0.901,human,female,LizQuenDos,0.6539,1
815738608,non_human,0.901,human,male,tom_miho,1.0,1
815735479,non_human,0.901,human,female,msmegancotto,0.6671,1
815733882,non_human,0.901,human,male,I_Am_BigHam,1.0,1
815731615,non_human,0.901,human,male,DaddyForEd,1.0,1
815720349,non_human,0.901,human,female,liz_quen2,1.0,1
815721894,non_human,0.901,human,male,MacAdamOwen2,1.0,1
815738480,non_human,0.901,human,female,LizQuenMeXhing,0.6702,1
815738473,non_human,0.901,human,female,marladee34,0.6582,1
815738471,non_human,0.901,human,male,BlackGtrQuen,0.3373,1
815721874,non_human,0.901,human,female,kinndani,1.0,1
815738441,non_human,0.901,human,female,yel522,1.0,1
815730442,non_human,0.901,human,female,BirchBaldwin,1.0,1
815720350,non_human,0.901,human,female,HopeeQuen,1.0,1
