_unit_id,says,score,recorded,split,gender,name,gender:confidence
815731688,human,0.995,non_human,train,brand,MBieber_Smith,0.6627
815737303,human,0.986,non_human,test,brand,TheOnlyAhmed,0.6751
815729321,human,0.986,non_human,validation,brand,nobrightside,0.6566
815726719,human,0.985,non_human,validation,brand,Shutter_Lense,0.3459
815736962,human,0.984,non_human,test,brand,goatsworthy,0.3571
815732415,human,0.984,non_human,train,brand,viria13,0.6543
815725796,non_human,0.984,human,train,female,27349stwd,0.3357
815728354,non_human,0.984,human,validation,female,07199jcsc,0.3444
815729075,non_human,0.983,human,train,male,04768lktc,0.3494
815734124,human,0.982,non_human,validation,brand,RobProvince,0.352
815727109,human,0.982,non_human,validation,brand,loookapanda,0.6705
815722730,human,0.982,non_human,test,brand,naegisnaegi,0.6618
815732407,human,0.982,non_human,validation,brand,IUParking,1.0
815738632,human,0.98,non_human,validation,brand,irishgoespop,0.6688
815722160,human,0.979,non_human,train,brand,sigmacoder,0.6497
815728023,human,0.979,non_human,train,brand,lowkeylwt_,0.3595
815729409,human,0.978,non_human,train,brand,monetpearson,1.0
815732178,human,0.978,non_human,train,brand,dariancordova,0.6615
815729137,human,0.977,non_human,train,brand,VerseUniverse,0.6688
815734068,human,0.977,non_human,test,brand,Sunglare,0.6723
815737960,human,0.977,non_human,validation,brand,CoolTrainrJulio,0.6562
815734999,human,0.976,non_human,train,brand,Nuevomedio,1.0
815729653,human,0.976,non_human,train,brand,ljgrover22,1.0
815723329,human,0.972,non_human,train,brand,SketchMasterMJH,0.6659
815737036,human,0.972,non_human,validation,brand,DefiantBA,1.0
815725734,human,0.972,non_human,train,brand,os4185,0.6372
815737554,human,0.972,non_human,test,brand,przemusiowa,0.6461
815736461,human,0.971,non_human,validation,brand,whoaskedyoushit,0.648
815730820,human,0.97,non_human,train,brand,destiny_weaver,0.3456
815733966,human,0.97,non_human,test,brand,mywaitisu,0.3449
815737613,human,0.969,non_human,train,brand,cnorton128,0.6802
815731753,human,0.969,non_human,validation,brand,InRainesville,0.6887
815731407,human,0.969,non_human,train,brand,coyotekissesxo,0.6556
815739350,human,0.969,non_human,test,brand,noonmohsharfi,0.6585
815724853,non_human,0.967,human,train,female,01808gnlb,0.3374
815723611,human,0.967,non_human,test,brand,vitalninjaYT,0.6734
815719581,human,0.967,non_human,test,brand,IgniteMeRiRi,0.6634
815723056,human,0.966,non_human,train,brand,byediva,0.6602
815731772,human,0.966,non_human,train,brand,MusikDaLYCD,1.0
815734044,human,0.965,non_human,test,brand,Adlez27,1.0
815734194,human,0.965,non_human,train,brand,zelimpa,0.3507
815736240,human,0.964,non_human,train,brand,owldom,0.6556
815724819,human,0.964,non_human,train,brand,Barokoru,0.6879
815738205,human,0.964,non_human,validation,brand,healfranta,0.6685
815735245,non_human,0.964,human,train,male,khalidrafiq141,0.683
815734286,human,0.964,non_human,validation,brand,Fatimahamoudi5,0.6555
815720278,human,0.964,non_human,test,brand,GermanWizard11,0.6789
815719699,human,0.963,non_human,train,brand,inimba,0.6404
815719906,human,0.962,non_human,train,brand,TwistandSports,1.0
815726256,human,0.962,non_human,train,brand,ltmcdies,1.0
815737729,non_human,0.962,human,test,male,durtgeek,0.6626
815723600,human,0.961,non_human,train,brand,AlboSwagger,0.6736
815728110,human,0.96,non_human,train,brand,JoBlack668,0.6578
815735364,human,0.96,non_human,test,brand,Einherion,0.6703
815721726,human,0.959,non_human,train,brand,labelsforlunch,0.6694
815722785,human,0.958,non_human,validation,brand,CentralValleyTV,1.0
815724539,human,0.958,non_human,train,brand,SoddersLiger,0.3474
815720053,human,0.957,non_human,train,brand,ChelseaWrenArt,0.6691
815729588,human,0.957,non_human,train,brand,luciboo80,0.347
815734524,human,0.957,non_human,train,brand,McJerkyface,0.6754
815739580,human,0.956,non_human,train,brand,BabiesGunsJesus,0.6354
815737867,human,0.956,non_human,train,brand,bones_six7,0.6598
815732012,human,0.956,non_human,train,brand,kenziesachen,0.3361
815733013,human,0.955,non_human,test,brand,kaneki_txt,0.669
815738988,human,0.955,non_human,validation,brand,smeggo,0.6437
815733835,human,0.955,non_human,train,brand,bcfc_fans_fc,1.0
815723206,human,0.955,non_human,test,brand,ChayseFox,0.6577
815722828,human,0.955,non_human,train,brand,JKE_G,0.6769
815723028,human,0.954,non_human,validation,brand,inthebarberry,0.6526
815729176,human,0.954,non_human,test,brand,rasputinmethod,0.6774
815736177,human,0.953,non_human,validation,brand,Tetsuo9999,0.6621
815727926,human,0.953,non_human,train,brand,facepaulmrevere,1.0
815729508,human,0.952,non_human,test,brand,Mangal2,1.0
815724741,human,0.951,non_human,train,brand,daejones,0.6736
815727535,human,0.951,non_human,test,brand,ottawaclique,0.3396
815731047,human,0.951,non_human,test,brand,Taz_Cat1,0.6551
815736466,non_human,0.951,human,validation,male,MarioDinardo9,1.0
815739402,human,0.95,non_human,train,brand,KINGPOM_FUCKYOU,0.6661
815725986,human,0.95,non_human,train,brand,LibromusicaIES,0.6607
815723235,human,0.949,non_human,train,brand,THE_HOEOLOGIST,0.6545
815734367,human,0.949,non_human,test,brand,HenryBeans,0.6757
815739540,human,0.949,non_human,train,brand,KuKu_EmmaW_fan,0.3418
815723324,human,0.948,non_human,train,brand,LukeIsASequin,0.6543
815729201,human,0.948,non_human,train,brand,KazJester,0.6591
815720041,human,0.947,non_human,train,brand,dazM33,0.6678
815733433,human,0.947,non_human,train,brand,gatorschomp1019,1.0
815729596,human,0.947,non_human,test,brand,pramoldhawan,0.3388
815734342,human,0.946,non_human,validation,brand,dadadaily,0.6534
815731889,human,0.946,non_human,train,brand,311guy,0.6619
815732751,human,0.946,non_human,validation,brand,ChanceOneShot,0.66
815735889,human,0.945,non_human,train,brand,Ovalegal,0.6715
815720241,human,0.945,non_human,test,brand,kubidyza,1.0
815734451,human,0.945,non_human,train,brand,KrazzyTracy,0.6676
815733156,non_human,0.945,human,test,female,lisalisa2123,0.6732
815733214,human,0.945,non_human,train,brand,MightyAvocado,0.6534
815728924,human,0.944,non_human,train,brand,lawyerinbeta,0.6534
815735292,human,0.944,non_human,validation,brand,19jim47,0.6665
815726441,non_human,0.944,human,test,female,dcgblog,0.6889
815733504,human,0.944,non_human,train,brand,WhatsGrammar,0.6777
815725233,human,0.943,non_human,train,brand,WhatMaffTweets,0.3417
815726930,human,0.941,non_human,validation,brand,sensualsehun,0.6578
815719776,human,0.941,non_human,validation,brand,Rampantredlion1,0.6672
815724385,human,0.941,non_human,train,brand,afscot,0.6619
815727363,human,0.941,non_human,train,brand,subw00ter,1.0
815731121,human,0.94,non_human,train,brand,nevertooo1D,0.6685
815735282,human,0.939,non_human,validation,brand,darkIaws,0.6602
815734965,human,0.939,non_human,validation,brand,KaraAbheri1,0.6525
815733245,human,0.939,non_human,validation,brand,RhinosKiss,0.6617
815735182,human,0.939,non_human,train,brand,pacmissle,1.0
815738605,human,0.939,non_human,train,brand,toshboy99,0.6403
815728125,human,0.938,non_human,validation,brand,OnefaststasisS5,0.6909
815733174,human,0.938,non_human,train,brand,daddy_unchained,0.3303
815739429,human,0.937,non_human,validation,brand,LOSGIDDY,0.3489
815727430,human,0.937,non_human,test,brand,aceIucy,0.6589
815730322,human,0.937,non_human,train,brand,TrueLies6,0.6643
815720701,human,0.937,non_human,test,brand,jvngwheein,0.6774
815734996,human,0.937,non_human,train,brand,soukatsu_,0.3392
815735607,human,0.937,non_human,validation,brand,Porcelanosa_EN,1.0
815732647,human,0.937,non_human,validation,brand,icanttt,0.6835
815737181,human,0.936,non_human,train,brand,Valerie_832,0.675
815738361,human,0.936,non_human,validation,brand,Imreallyshitty,0.676
815735742,human,0.936,non_human,train,brand,lukeslouis,0.6937
815733668,human,0.935,non_human,train,brand,ChrisF1116,1.0
815732878,human,0.935,non_human,test,brand,GMcCorrister,0.6471
815735916,human,0.935,non_human,train,brand,teejay4u_06,1.0
815727542,human,0.934,non_human,train,brand,gene14800846,1.0
815730167,human,0.934,non_human,validation,brand,twinkhedgehog,0.6506
815737490,human,0.934,non_human,train,brand,themapdallas,0.6688
815733298,human,0.934,non_human,validation,brand,BardockIRL,0.6678
815727296,non_human,0.934,human,validation,male,Eddki885Mohamm,0.6837
815727024,human,0.933,non_human,test,brand,loseyourself235,0.3397
815722876,human,0.933,non_human,validation,brand,FemaIeFltness,0.6686
815738619,non_human,0.933,human,train,female,elizasoberano11,0.356
815730706,human,0.932,non_human,train,brand,Full_Time_Scrub,1.0
815730595,human,0.932,non_human,validation,brand,SunshineGal24,0.664
815728680,human,0.932,non_human,validation,brand,DrHotelMario,0.6362
815731148,human,0.932,non_human,train,brand,timc4567,0.3411
815736293,human,0.932,non_human,train,brand,TheFuture2Hope4,1.0
815720239,human,0.932,non_human,train,brand,Butcherr666,0.6468
815737698,human,0.931,non_human,test,brand,Hessahalkhawari,0.3389
815737004,human,0.931,non_human,train,brand,Milena_mico,0.3423
815736095,human,0.931,non_human,train,brand,funkboii,0.6815
815734204,human,0.931,non_human,test,brand,anytimetips,1.0
815735467,non_human,0.931,human,train,female,AudrinaDavis1,0.6432
815733845,human,0.931,non_human,test,brand,JoySeele,0.6539
815732850,human,0.931,non_human,train,brand,Mark11888,0.6709
815724134,human,0.93,non_human,train,brand,yell999,0.6539
815723871,human,0.93,non_human,train,brand,Iouvinglwt,0.3388
815737509,human,0.929,non_human,validation,brand,viperblood77,1.0
815733347,human,0.929,non_human,train,brand,TheOtherPlus1,1.0
815722137,human,0.929,non_human,train,brand,Cekeshe,0.6789
815735767,human,0.928,non_human,train,brand,catholic_nun,0.6681
815720206,human,0.928,non_human,test,brand,SharmarkeAhmed4,1.0
815729077,human,0.928,non_human,test,brand,illusionOFitALL,1.0
815735103,human,0.926,non_human,test,brand,GbenroBasit,1.0
815734513,human,0.926,non_human,train,brand,bama_tweets,0.6615
815735306,human,0.926,non_human,validation,brand,HazionC,0.6577
815722430,human,0.926,non_human,validation,brand,creeper32605,0.6432
815727509,human,0.926,non_human,test,brand,Zoom808,0.6551
815731845,human,0.926,non_human,validation,brand,sugarspankhorn,0.65
815737920,human,0.925,non_human,test,brand,WiffleBall1,1.0
815735687,human,0.925,non_human,validation,brand,CyborgScreams,0.6768
815725391,human,0.925,non_human,test,brand,HUDAFUNK,0.6766
815738253,human,0.924,non_human,train,brand,cashset_Lae,1.0
815719396,human,0.924,non_human,test,brand,MightyMoose3,0.661
815728098,human,0.924,non_human,validation,brand,Hollyoakslover3,0.6674
815728020,human,0.924,non_human,train,brand,sungohst,0.3354
815729213,human,0.924,non_human,validation,brand,1041theBlaze,1.0
815721092,human,0.923,non_human,train,brand,dntsqzthchrmn,0.683
815735689,human,0.923,non_human,test,brand,Travel_Word,1.0
815729580,human,0.923,non_human,train,brand,LawrencePatte20,0.3519
815724358,human,0.923,non_human,train,brand,JesTr0n,0.6639
815734913,human,0.923,non_human,train,brand,squid_girl_,0.6525
815733831,human,0.923,non_human,test,brand,NewsWatch_99,1.0
815732190,human,0.923,non_human,validation,brand,joXn,0.3547
815730319,human,0.922,non_human,test,brand,BeFitNow76,1.0
815722078,human,0.922,non_human,train,brand,pseudojustin,0.6682
815731229,human,0.922,non_human,validation,brand,Dizzie_Dog,0.6601
815732650,human,0.922,non_human,validation,brand,bazzared1903,1.0
815730710,human,0.921,non_human,train,brand,MaddieandTaeFly,0.6921
815730825,human,0.921,non_human,train,brand,iWant_Gaga,0.6923
815726781,human,0.92,non_human,validation,brand,SekgobolaT,1.0
815720508,human,0.92,non_human,validation,brand,kgon,1.0
815732448,human,0.92,non_human,validation,brand,SustainableUKY,1.0
815733199,human,0.92,non_human,validation,brand,RCJ13,0.6515
815739377,human,0.919,non_human,train,brand,BarbasolShave,1.0
815728734,human,0.919,non_human,train,brand,clarinety10,1.0
815726616,human,0.919,non_human,test,brand,MejoresLook,1.0
815738467,human,0.919,non_human,train,brand,aafx0_,1.0
815720588,human,0.919,non_human,train,brand,tomlinsgomez,0.6508
815738989,human,0.918,non_human,train,brand,jemstok,0.3409
815737050,human,0.918,non_human,validation,brand,Travel_Barrel,1.0
815737393,human,0.918,non_human,train,brand,froleyfilm,0.6495
815730796,human,0.917,non_human,train,brand,ReindeerBrayden,0.6692
815733480,human,0.917,non_human,validation,brand,12131415616,0.6695
815736412,human,0.917,non_human,test,brand,armadillomon,1.0
815725825,human,0.917,non_human,train,brand,high_on_glitter,0.6921
815736939,human,0.917,non_human,validation,brand,Terick_7,0.3548
815733644,human,0.917,non_human,train,brand,byZayys,1.0
815720228,human,0.917,non_human,test,brand,bearaboi,0.6678
815732838,human,0.917,non_human,validation,brand,obsessed_boyban,0.6745
815724760,human,0.916,non_human,train,brand,TheWalkingFled,0.6702
815738681,human,0.916,non_human,train,brand,BirchgroveCA,1.0
815731345,human,0.916,non_human,train,brand,icynewyear,1.0
815729346,human,0.916,non_human,train,brand,_yanwari,0.6536
815723918,human,0.915,non_human,train,brand,BarbieBitchNM,1.0
815738130,human,0.915,non_human,train,brand,2faceh,0.6296
815727388,human,0.915,non_human,train,brand,mojo_YOjo,0.6368
815725537,human,0.915,non_human,test,brand,iambnoone,1.0
815733196,human,0.915,non_human,test,brand,JuanisaGundam,0.6725
815733998,human,0.914,non_human,train,brand,Luminaria98,0.6586
815726116,human,0.914,non_human,test,brand,lonhro,0.6609
815728295,human,0.914,non_human,train,brand,superwomanchick,0.6658
815733858,human,0.914,non_human,train,brand,bonorwich,0.6574
815727117,human,0.913,non_human,train,brand,Hobie_Dog,0.66
815732761,human,0.912,non_human,test,brand,ElementalHerb,1.0
815723711,non_human,0.912,human,train,male,niceindieman,0.6795
815737513,human,0.912,non_human,validation,brand,coyotes_ebooks,0.6839
815731135,human,0.912,non_human,train,brand,xKrki,0.6759
815721398,human,0.911,non_human,train,brand,348255gbabies,0.6597
815727133,human,0.911,non_human,train,brand,Tawa8_12,0.6341
815720822,human,0.911,non_human,validation,brand,WorcsFaithful,0.6621
815727824,human,0.911,non_human,test,brand,Foothill_Dance,1.0
815726689,human,0.91,non_human,train,brand,Gh0st2126,0.6761
815738576,human,0.91,non_human,train,brand,JbSleaz,1.0
815736675,human,0.91,non_human,test,brand,SHSComplimnts,1.0
815721991,human,0.91,non_human,train,brand,HadTwpSports,1.0
815723581,human,0.91,non_human,train,brand,judyleajackson,1.0
815736281,human,0.91,non_human,train,brand,bbbrieger,1.0
815731526,human,0.909,non_human,train,brand,paparatti,0.6361
815726503,human,0.909,non_human,test,brand,Gargamelkiller,0.6667
815729425,human,0.908,non_human,test,brand,_Lantern_,0.344
815722974,human,0.908,non_human,train,brand,Dfitz9477,0.6465
815723832,human,0.908,non_human,train,brand,CaGardenas,0.6414
815735871,human,0.908,non_human,test,brand,Doctorwhat2,0.6743
815727064,human,0.908,non_human,test,brand,BanJen15,0.6761
815724761,human,0.908,non_human,train,brand,sthrob77,0.6727
815737697,human,0.907,non_human,train,brand,KnifeStitch,0.6478
815732343,human,0.907,non_human,train,brand,Maximal_Liberal,0.6715
815724414,human,0.907,non_human,validation,brand,mike_brach,0.6823
815730116,human,0.907,non_human,train,brand,skywlka22,0.6603
815720481,human,0.906,non_human,train,brand,seansramblings,1.0
815723382,human,0.906,non_human,validation,brand,Blessman239,1.0
815720712,human,0.906,non_human,train,brand,ALRAC30,1.0
815738500,non_human,0.906,human,train,male,conandoyle5,0.6365
815732341,human,0.906,non_human,train,brand,WatermelonBloke,0.6793
815734210,human,0.906,non_human,train,brand,Table6Denver,1.0
815736693,human,0.906,non_human,train,brand,hv_younglife,1.0
815736589,human,0.906,non_human,validation,brand,iamdaman00,0.6476
815734746,human,0.906,non_human,train,brand,IUPUC,1.0
815738184,human,0.905,non_human,validation,brand,tomred5,0.6871
815739270,human,0.905,non_human,train,brand,_boog1,0.6653
815734690,human,0.905,non_human,train,brand,coadienugent,0.6392
815735624,human,0.905,non_human,train,brand,IketheNinja14,0.6508
815738412,human,0.905,non_human,train,brand,iAxX23,0.6504
815734559,human,0.905,non_human,train,brand,LeAnnsFissure,0.6749
815720486,human,0.904,non_human,train,brand,_LHS_Leadership,1.0
815731718,human,0.904,non_human,train,brand,AlmiiCuello,0.314
815733002,human,0.904,non_human,train,brand,SpinsterAndCat,0.6581
815723054,human,0.904,non_human,train,brand,keanerie,0.6536
815727299,human,0.904,non_human,train,brand,BIRP,0.6739
815725192,human,0.904,non_human,test,brand,fact275,0.6725
815727286,human,0.903,non_human,validation,brand,190Manhattan,1.0
815723593,human,0.903,non_human,train,brand,spazil,0.6707
815722362,human,0.903,non_human,train,brand,nas162010,0.6632
815720169,non_human,0.903,human,train,male,Rob_Aitchison,1.0
815738686,human,0.902,non_human,train,brand,CandidoDhess,0.6698
815719693,human,0.902,non_human,train,brand,TreJinkins,0.6508
815734805,human,0.902,non_human,train,brand,nutellAHarris24,0.3385
815721286,human,0.902,non_human,validation,brand,phenokage,0.6691
815726167,human,0.902,non_human,test,brand,Animabotics,1.0
815732307,human,0.901,non_human,train,brand,calvin_kieran,0.6825
815736994,human,0.901,non_human,test,brand,CNTRCTK77R,1.0
815724390,human,0.901,non_human,train,brand,EscapeVelo,1.0
815727632,human,0.901,non_human,test,brand,Cyberghetto,0.6714
815733468,human,0.9,non_human,train,brand,StockExpert3,1.0
815722134,human,0.9,non_human,train,brand,ArticBleu,0.6743
815731400,human,0.9,non_human,validation,brand,Abyssal_Glory,1.0
815733182,human,0.9,non_human,test,brand,Dowoha,0.6557
815730455,human,0.9,non_human,validation,brand,Ragin_Wookie,0.6409
