_unit_id,name,gender,gender:confidence,cluster,fine_cluster,cluster_says,cluster_human_rate,distance_to_centre,also_by_rules
815729075,04768lktc,male,0.3494,2,4,non_human,0.044,0.33,1
815728354,07199jcsc,female,0.3444,2,4,non_human,0.044,0.35,1
815725796,27349stwd,female,0.3357,2,4,non_human,0.044,0.38,1
815724853,01808gnlb,female,0.3374,2,4,non_human,0.044,1.07,1
815733156,lisalisa2123,female,0.6732,2,4,non_human,0.044,1.79,1
815719575,HaileyW22810137,female,1.0,2,4,non_human,0.044,2.52,1
815738516,gabriel13737457,male,0.6674,2,4,non_human,0.044,2.55,0
815722749,ThomasH29137281,female,1.0,2,4,non_human,0.044,2.64,0
815726373,AdamCoo64216897,female,0.3335,2,4,non_human,0.044,2.64,0
815720517,PamelaW76653339,female,1.0,2,4,non_human,0.044,2.71,0
815738514,claire3222,female,1.0,2,4,non_human,0.044,2.71,0
815720552,35JOAN_Ansley02,female,1.0,2,4,non_human,0.044,2.98,0
815730627,brennan_1299R5,female,1.0,2,4,non_human,0.044,3.01,0
815733514,CatT15978042,female,1.0,2,4,non_human,0.044,3.01,1
815726196,KaylaAr09739181,female,1.0,2,4,non_human,0.044,3.07,0
815723030,thomasjones9000,male,1.0,2,4,non_human,0.044,3.16,1
815739361,johanna4892,female,1.0,2,4,non_human,0.044,3.29,0
815739196,Kie_0213,female,1.0,2,4,non_human,0.044,3.31,0
815722567,166HAZEL51,female,1.0,2,4,non_human,0.044,3.45,0
815731620,Thyme1944648,female,1.0,2,4,non_human,0.044,3.45,0
815734400,3WHITNEY468,female,1.0,2,4,non_human,0.044,3.49,0
815725152,will70204,male,0.6658,2,4,non_human,0.044,3.52,0
815725073,Charlot02798732,female,1.0,2,4,non_human,0.044,3.54,0
815736849,firstlady10000,female,1.0,2,4,non_human,0.044,3.58,0
815721568,45674x,female,1.0,2,4,non_human,0.044,3.77,0
815726832,Simoj1958James,male,1.0,2,4,non_human,0.044,3.85,0
815726076,Kat134569,female,1.0,2,4,non_human,0.044,3.95,0
815733715,Millie186025,female,1.0,2,4,non_human,0.044,4.1,0
815737072,jking962002,male,1.0,2,4,non_human,0.044,4.19,0
815725732,karenfl79070153,female,1.0,2,4,non_human,0.044,4.35,0
815721346,Chloe051581,male,1.0,3,4,non_human,0.044,4.53,0
815728448,Marco41237622,male,0.6665,2,4,non_human,0.044,4.58,0
815727017,4f8e24939bf9431,female,1.0,2,4,non_human,0.044,4.67,0
815725462,Sameer32160106,male,1.0,2,4,non_human,0.044,4.72,0
815728361,Derrick79588764,male,1.0,2,4,non_human,0.044,4.83,0
815736686,Marieno33472165,female,1.0,2,4,non_human,0.044,4.89,0
815736819,lindamo12895437,female,0.6659,2,4,non_human,0.044,4.95,1
815732551,LauraQu22469337,female,1.0,2,4,non_human,0.044,4.96,0
815721372,debbie18051978,female,0.6694,0,4,non_human,0.044,5.15,0
815721410,Mohamed80570137,male,1.0,2,4,non_human,0.044,5.34,0
815723154,BharatP95362736,female,0.6736,3,4,non_human,0.044,5.45,0
815727709,josh111222333_,male,1.0,2,4,non_human,0.044,5.53,0
815725078,AudreyS23511436,male,1.0,2,4,non_human,0.044,5.71,0
815719309,angie48534918,female,1.0,0,4,non_human,0.044,5.74,0
815731184,c82b5001896b4ae,male,1.0,2,4,non_human,0.044,5.83,0
815734396,4ad228e64de5481,male,1.0,2,4,non_human,0.044,6.52,0
815736883,2675a24c0441400,male,1.0,2,4,non_human,0.044,7.23,0
815728427,475a97b4b7714c5,female,1.0,2,4,non_human,0.044,7.37,0
815736722,sadwitches,brand,0.6456,3,7,human,0.917,1.36,0
815726719,Shutter_Lense,brand,0.3459,3,7,human,0.917,1.41,1
815723028,inthebarberry,brand,0.6526,0,7,human,0.917,1.44,1
815734286,Fatimahamoudi5,brand,0.6555,0,7,human,0.917,1.5,0
815730706,Full_Time_Scrub,brand,1.0,3,7,human,0.917,1.51,0
815724599,d_michaelsatele,brand,0.6333,0,7,human,0.917,1.52,1
815730622,insideccfc,brand,1.0,0,7,human,0.917,1.57,0
815731753,InRainesville,brand,0.6887,0,7,human,0.917,1.58,1
815732838,obsessed_boyban,brand,0.6745,3,7,human,0.917,1.6,1
815735329,xIamDeath,brand,0.665,0,7,human,0.917,1.64,0
815734913,squid_girl_,brand,0.6525,0,7,human,0.917,1.67,0
815722134,ArticBleu,brand,0.6743,3,7,human,0.917,1.73,0
815729409,monetpearson,brand,1.0,3,7,human,0.917,1.74,1
815735871,Doctorwhat2,brand,0.6743,3,7,human,0.917,1.77,1
815730174,Bengals_NEFL,brand,1.0,0,7,human,0.917,1.84,0
815732483,CliathAthaBaile,brand,0.6509,0,7,human,0.917,1.85,1
815724414,mike_brach,brand,0.6823,3,7,human,0.917,1.87,1
815739350,noonmohsharfi,brand,0.6585,0,7,human,0.917,1.87,1
815724237,wiml2,brand,1.0,3,7,human,0.917,1.89,0
815732901,SLightmaree,brand,0.6614,3,7,human,0.917,1.89,1
815731407,coyotekissesxo,brand,0.6556,0,7,human,0.917,1.9,0
815726253,Lucius_C_Sulla,brand,0.6636,0,7,human,0.917,1.91,0
815719906,TwistandSports,brand,1.0,0,7,human,0.917,1.94,1
815726135,smashb1,brand,0.6899,3,7,human,0.917,1.94,0
815724834,meekjr_,brand,0.6542,3,7,human,0.917,1.95,1
815731845,sugarspankhorn,brand,0.65,3,7,human,0.917,1.97,1
815737346,BlakeNextGen15,brand,1.0,0,7,human,0.917,1.97,0
815738070,StrikeFM,brand,1.0,3,7,human,0.917,1.97,1
815729024,MegaLobsterFace,brand,0.6487,3,7,human,0.917,1.98,0
815736374,AkraticBehavior,brand,0.6818,0,7,human,0.917,1.98,1
815727535,ottawaclique,brand,0.3396,0,7,human,0.917,2.0,0
815738488,senzeal,brand,1.0,0,7,human,0.917,2.0,0
815732647,icanttt,brand,0.6835,0,7,human,0.917,2.01,1
815724051,bonfiresband,brand,0.6648,3,7,human,0.917,2.02,1
815723611,vitalninjaYT,brand,0.6734,0,7,human,0.917,2.04,1
815720725,partmentalsoul,brand,0.6741,0,7,human,0.917,2.05,0
815737513,coyotes_ebooks,brand,0.6839,3,7,human,0.917,2.05,0
815720822,WorcsFaithful,brand,0.6621,0,7,human,0.917,2.07,0
815722300,RC_Allaince,brand,1.0,0,7,human,0.917,2.07,0
815727324,MrmappyINOF,brand,0.6574,0,7,human,0.917,2.07,1
815736013,southstandnige9,brand,1.0,0,7,human,0.917,2.08,0
815730710,MaddieandTaeFly,brand,0.6921,0,7,human,0.917,2.09,1
815730130,worldrafanadal,brand,1.0,0,7,human,0.917,2.1,1
815733055,GYSTclub,brand,1.0,0,7,human,0.917,2.11,0
815732567,Thor_of_Asgard1,brand,1.0,0,7,human,0.917,2.12,1
815719699,inimba,brand,0.6404,3,7,human,0.917,2.13,1
815724819,Barokoru,brand,0.6879,3,7,human,0.917,2.14,1
815733468,StockExpert3,brand,1.0,0,7,human,0.917,2.14,1
815738456,Based1UP,brand,0.6516,0,7,human,0.917,2.14,1
815737490,themapdallas,brand,0.6688,0,7,human,0.917,2.15,0
815728081,The_Kohinoor,brand,0.6569,0,7,human,0.917,2.16,1
815735607,Porcelanosa_EN,brand,1.0,3,7,human,0.917,2.16,1
815731737,KLASManagement,brand,1.0,0,7,human,0.917,2.17,0
815733921,CottageOckman,brand,1.0,0,7,human,0.917,2.22,0
815730116,skywlka22,brand,0.6603,3,7,human,0.917,2.23,0
815732136,Dormality,brand,1.0,0,7,human,0.917,2.23,1
815733582,SportsNewsBTS,brand,1.0,0,7,human,0.917,2.23,0
815734827,triggzyy,brand,0.3408,3,7,human,0.917,2.23,1
815720768,COGICgopChica,brand,0.6774,3,7,human,0.917,2.24,1
815724798,BognorRegisHour,brand,1.0,3,7,human,0.917,2.24,1
815729261,theformalcat,brand,0.654,0,7,human,0.917,2.27,0
815721991,HadTwpSports,brand,1.0,0,7,human,0.917,2.28,0
815735005,EthanVei,brand,0.6683,0,7,human,0.917,2.28,0
815733966,mywaitisu,brand,0.3449,3,7,human,0.917,2.29,1
815734767,6ONE9CLOTHING,brand,1.0,0,7,human,0.917,2.29,1
815731133,NaughtyToyss,brand,1.0,3,7,human,0.917,2.31,0
815731666,ClarenGary,brand,0.6745,0,7,human,0.917,2.31,0
815722758,polwrestling,brand,0.3429,0,7,human,0.917,2.33,0
815735393,TENCH0U_,brand,0.6772,0,7,human,0.917,2.33,1
815736853,theARKHAM_,brand,0.6809,0,7,human,0.917,2.33,1
815721851,zAcquired,brand,0.6619,0,7,human,0.917,2.34,0
815729776,ssquala,brand,0.6669,3,7,human,0.917,2.35,0
815724186,macuskeli,brand,0.6635,0,7,human,0.917,2.36,0
815735968,PenguinBoss1,brand,1.0,0,7,human,0.917,2.36,0
815738361,Imreallyshitty,brand,0.676,0,7,human,0.917,2.38,1
815729681,TeamYouTube,brand,1.0,0,7,human,0.917,2.39,1
815724251,kamyb22,brand,0.3401,3,7,human,0.917,2.4,1
815737050,Travel_Barrel,brand,1.0,0,7,human,0.917,2.4,0
815727663,Brandonuts_Game,brand,1.0,0,7,human,0.917,2.42,0
815735123,Davidwash3r3,brand,0.6848,3,7,human,0.917,2.45,0
815730773,MoreFifaFun,brand,1.0,0,7,human,0.917,2.46,1
815735660,TheMartinParty,brand,1.0,0,7,human,0.917,2.46,0
815735689,Travel_Word,brand,1.0,0,7,human,0.917,2.46,0
815727824,Foothill_Dance,brand,1.0,0,7,human,0.917,2.48,1
815734559,LeAnnsFissure,brand,0.6749,0,7,human,0.917,2.49,0
815734621,treadcomics,brand,1.0,0,7,human,0.917,2.5,0
815737186,bonhomme37,brand,0.6584,3,7,human,0.917,2.5,1
815720486,_LHS_Leadership,brand,1.0,0,7,human,0.917,2.53,1
815737181,Valerie_832,brand,0.675,3,7,human,0.917,2.53,0
815732290,blazingbooks420,brand,0.6912,3,7,human,0.917,2.54,1
815732178,dariancordova,brand,0.6615,0,7,human,0.917,2.55,1
815733117,McTermii,brand,1.0,0,7,human,0.917,2.55,0
815735128,HaysheadNursery,brand,1.0,0,7,human,0.917,2.56,0
815734204,anytimetips,brand,1.0,0,7,human,0.917,2.6,1
815729279,DiversityIsALie,brand,1.0,0,7,human,0.917,2.62,1
815731718,AlmiiCuello,brand,0.314,0,7,human,0.917,2.63,1
815738009,Team_Christ77,brand,0.6916,0,7,human,0.917,2.65,0
815725166,lrhstereo,brand,0.6787,3,7,human,0.917,2.66,1
815732594,420USAPAC,brand,1.0,0,7,human,0.917,2.68,0
815735222,CasNovak305,brand,0.6766,0,7,human,0.917,2.7,0
815722272,FoComcfc,brand,1.0,0,7,human,0.917,2.75,1
815721699,MetalFortressCT,brand,1.0,3,7,human,0.917,2.76,1
815737509,viperblood77,brand,1.0,3,7,human,0.917,2.77,1
815720070,CyberneticPym,brand,0.6523,0,7,human,0.917,2.8,1
815724527,vote41dbro,brand,1.0,0,7,human,0.917,2.8,1
815721239,RedLineCommuter,brand,0.3551,0,7,human,0.917,2.83,1
815737618,theunitedmanc,brand,1.0,3,7,human,0.917,2.83,1
815723600,AlboSwagger,brand,0.6736,0,7,human,0.917,2.85,1
815721625,LosHalepenos,brand,1.0,0,7,human,0.917,2.86,1
815725173,powderballcp,brand,1.0,0,7,human,0.917,2.87,1
815727046,DiamondDawit,brand,0.672,0,7,human,0.917,2.87,1
815739022,TonyIguana69,brand,0.6432,0,7,human,0.917,2.88,0
815725330,nuki_shitposts,brand,0.6446,3,7,human,0.917,2.89,1
815736962,goatsworthy,brand,0.3571,0,7,human,0.917,2.89,1
815729137,VerseUniverse,brand,0.6688,0,7,human,0.917,2.91,1
815730820,destiny_weaver,brand,0.3456,3,7,human,0.917,2.92,1
815726528,vaetasMKTG,brand,1.0,0,7,human,0.917,2.94,0
815732814,BigBlackDonaghy,brand,1.0,0,7,human,0.917,2.96,1
815720454,BrandsKingdom,brand,1.0,0,7,human,0.917,2.97,1
815734931,PharmSpc,brand,1.0,0,7,human,0.917,2.99,1
815726216,SaleSafari,brand,1.0,3,7,human,0.917,3.0,1
815737925,5SOSHotelReport,brand,1.0,3,7,human,0.917,3.01,1
815724209,brewerpackaging,brand,1.0,0,7,human,0.917,3.05,1
815733649,dronesweetie,brand,1.0,0,7,human,0.917,3.05,0
815739318,GBISummerSchool,brand,1.0,0,7,human,0.917,3.05,1
815722602,SteinbeckCenter,brand,1.0,1,7,human,0.917,3.06,0
815733096,sypijeleje,brand,0.6583,0,7,human,0.917,3.08,1
815736675,SHSComplimnts,brand,1.0,3,7,human,0.917,3.12,1
815733166,tpmquiz,brand,1.0,0,7,human,0.917,3.15,1
815739536,OrionsBlack,brand,0.6744,0,7,human,0.917,3.18,1
815731539,dks2_ebooks,brand,1.0,0,7,human,0.917,3.2,1
815725486,c0l5hy69,brand,0.6678,1,7,human,0.917,3.36,1
815735292,19jim47,brand,0.6665,3,7,human,0.917,3.36,1
815720927,GalaxyRemix922,brand,0.6708,3,7,human,0.917,3.49,0
815725447,Zinxii_FFA,brand,0.3497,3,7,human,0.917,3.63,1
815733577,weeddream420,brand,1.0,3,7,human,0.917,3.83,1
815721398,348255gbabies,brand,0.6597,3,7,human,0.917,4.96,0
815723329,SketchMasterMJH,brand,0.6659,3,8,human,0.957,1.24,1
815720241,kubidyza,brand,1.0,3,8,human,0.957,1.25,0
815739377,BarbasolShave,brand,1.0,3,8,human,0.957,1.33,1
815737554,przemusiowa,brand,0.6461,3,8,human,0.957,1.36,1
815722828,JKE_G,brand,0.6769,3,8,human,0.957,1.39,1
815727388,mojo_YOjo,brand,0.6368,3,8,human,0.957,1.4,1
815736461,whoaskedyoushit,brand,0.648,3,8,human,0.957,1.4,1
815738253,cashset_Lae,brand,1.0,3,8,human,0.957,1.41,1
815729321,nobrightside,brand,0.6566,3,8,human,0.957,1.44,1
815729201,KazJester,brand,0.6591,3,8,human,0.957,1.45,1
815733174,daddy_unchained,brand,0.3303,3,8,human,0.957,1.46,1
815732012,kenziesachen,brand,0.3361,3,8,human,0.957,1.51,1
815721529,GrizzleBF,brand,1.0,3,8,human,0.957,1.54,1
815731688,MBieber_Smith,brand,0.6627,3,8,human,0.957,1.55,1
815722730,naegisnaegi,brand,0.6618,3,8,human,0.957,1.56,1
815722137,Cekeshe,brand,0.6789,3,8,human,0.957,1.61,1
815728924,lawyerinbeta,brand,0.6534,3,8,human,0.957,1.63,1
815729965,BriMercedes,brand,0.6792,3,8,human,0.957,1.63,1
815724741,daejones,brand,0.6736,3,8,human,0.957,1.64,1
815733644,byZayys,brand,1.0,3,8,human,0.957,1.65,1
815724692,_wonderfrankie,brand,1.0,3,8,human,0.957,1.8,0
815726503,Gargamelkiller,brand,0.6667,3,8,human,0.957,1.81,1
815728023,lowkeylwt_,brand,0.3595,3,8,human,0.957,1.82,1
815723593,spazil,brand,0.6707,3,8,human,0.957,1.84,1
815732415,viria13,brand,0.6543,3,8,human,0.957,1.84,1
815723206,ChayseFox,brand,0.6577,3,8,human,0.957,1.85,1
815738412,iAxX23,brand,0.6504,3,8,human,0.957,1.86,1
815739402,KINGPOM_FUCKYOU,brand,0.6661,3,8,human,0.957,1.87,1
815737303,TheOnlyAhmed,brand,0.6751,3,8,human,0.957,1.91,1
815719591,sufurkater,brand,0.6818,3,8,human,0.957,1.92,0
815726256,ltmcdies,brand,1.0,3,8,human,0.957,1.95,1
815739580,BabiesGunsJesus,brand,0.6354,3,8,human,0.957,1.96,1
815736344,ClarityDaily,brand,0.6457,3,8,human,0.957,1.98,0
815739540,KuKu_EmmaW_fan,brand,0.3418,3,8,human,0.957,2.0,1
815719400,WarOnTheRocks,brand,1.0,3,8,human,0.957,2.01,1
815731152,OverDriveLibs,brand,1.0,3,8,human,0.957,2.02,1
815734342,dadadaily,brand,0.6534,3,8,human,0.957,2.02,1
815734350,pumpkin_horse,brand,0.6502,3,8,human,0.957,2.02,1
815722160,sigmacoder,brand,0.6497,0,8,human,0.957,2.03,1
815729653,ljgrover22,brand,1.0,0,8,human,0.957,2.04,1
815738130,2faceh,brand,0.6296,3,8,human,0.957,2.05,1
815723056,byediva,brand,0.6602,3,8,human,0.957,2.06,1
815729588,luciboo80,brand,0.347,3,8,human,0.957,2.06,1
815731047,Taz_Cat1,brand,0.6551,3,8,human,0.957,2.06,0
815735687,CyborgScreams,brand,0.6768,3,8,human,0.957,2.06,0
815736240,owldom,brand,0.6556,3,8,human,0.957,2.06,1
815729846,peartonjohnson,brand,0.3375,1,8,human,0.957,2.09,0
815729780,itsterrio_hoe,brand,0.6704,3,8,human,0.957,2.1,1
815737967,ACHoang32,brand,1.0,3,8,human,0.957,2.1,1
815737960,CoolTrainrJulio,brand,0.6562,3,8,human,0.957,2.13,1
815727267,bobcatarts,brand,0.6574,3,8,human,0.957,2.14,1
815728098,Hollyoakslover3,brand,0.6674,3,8,human,0.957,2.16,1
815722995,C_S__,brand,0.6613,3,8,human,0.957,2.18,1
815725645,SMACKHighNY,brand,0.678,3,8,human,0.957,2.19,1
815723235,THE_HOEOLOGIST,brand,0.6545,3,8,human,0.957,2.2,0
815725754,K1LLz_,brand,0.369,3,8,human,0.957,2.2,1
815737867,bones_six7,brand,0.6598,3,8,human,0.957,2.23,1
815738576,JbSleaz,brand,1.0,3,8,human,0.957,2.23,1
815727479,_MyDemons__,brand,1.0,3,8,human,0.957,2.24,1
815730979,rudetellzLBC,brand,0.6864,1,8,human,0.957,2.24,0
815726539,BI_Europe,brand,1.0,1,8,human,0.957,2.25,0
815734999,Nuevomedio,brand,1.0,3,8,human,0.957,2.27,1
815720346,HogwartsCitou,brand,0.6768,3,8,human,0.957,2.3,1
815737613,cnorton128,brand,0.6802,3,8,human,0.957,2.3,0
815727895,_Turntway,brand,0.6589,0,8,human,0.957,2.32,1
815727299,BIRP,brand,0.6739,3,8,human,0.957,2.33,1
815726071,Freudianslipz,brand,0.6761,3,8,human,0.957,2.34,0
815735283,TruthBToldDe,brand,0.647,3,8,human,0.957,2.34,1
815730562,LakeHastingsWea,brand,1.0,3,8,human,0.957,2.36,0
815730262,Kyuugayaku,brand,0.6685,3,8,human,0.957,2.39,1
815723117,GQMagazine,brand,1.0,1,8,human,0.957,2.4,0
815734564,bosunescobar,brand,0.3376,3,8,human,0.957,2.41,0
815723594,ranveersbabe,brand,0.3404,3,8,human,0.957,2.42,0
815724955,TheEscapistMag,brand,1.0,1,8,human,0.957,2.42,1
815719997,AudreyEnjoyLife,brand,0.6655,3,8,human,0.957,2.43,1
815720508,kgon,brand,1.0,0,8,human,0.957,2.43,1
815731390,jaklumen,brand,0.6697,3,8,human,0.957,2.45,1
815737004,Milena_mico,brand,0.3423,1,8,human,0.957,2.46,1
815724385,afscot,brand,0.6619,3,8,human,0.957,2.48,1
815733227,FreelanceWJ,brand,1.0,0,8,human,0.957,2.48,0
815736351,robotic_icon,brand,0.6656,1,8,human,0.957,2.51,0
815727109,loookapanda,brand,0.6705,0,8,human,0.957,2.52,1
815727669,_shunsou,brand,0.6707,3,8,human,0.957,2.58,1
815722929,fosteravepro,brand,0.6642,3,8,human,0.957,2.59,1
815720445,LittleMix,brand,0.6623,3,8,human,0.957,2.65,1
815723037,My1Universe,brand,1.0,3,8,human,0.957,2.65,1
815726408,Legna989,brand,0.6587,3,8,human,0.957,2.68,0
815730496,kneedough,brand,0.6666,1,8,human,0.957,2.72,1
815720271,Dragon_Ball_S_,brand,1.0,1,8,human,0.957,2.76,0
815731148,timc4567,brand,0.3411,3,8,human,0.957,2.89,0
815732407,IUParking,brand,1.0,0,8,human,0.957,2.91,1
815733835,bcfc_fans_fc,brand,1.0,3,8,human,0.957,3.03,1
815732828,AnimalWorIds,brand,0.6501,0,8,human,0.957,3.05,1
815726875,noquestions,brand,0.6777,1,8,human,0.957,3.2,1
