_unit_id,says,score,method
815719309,human,0.906,classification
815719309,non_human,0.956,clustering
815719775,human,0.907,association
815719775,non_human,0.989,text
815719805,human,0.956,association
815719805,non_human,0.99,text
815719976,non_human,0.967,association
815719976,human,0.928,text
815720063,non_human,0.901,association
815720063,human,0.954,text
815720404,human,0.956,association
815720404,non_human,0.951,text
815720885,non_human,0.906,association
815720885,human,0.917,clustering
815721160,human,0.919,regression
815721160,non_human,0.956,text
815721459,non_human,0.951,association
815721459,human,0.901,classification
815721540,non_human,0.967,association
815721540,human,0.924,text
815721699,non_human,0.906,association
815721699,human,0.917,clustering
815721927,non_human,0.951,association
815721927,human,0.906,classification
815721938,non_human,0.901,association
815721938,human,0.94,text
815722026,human,0.937,association
815722026,non_human,0.907,text
815722028,non_human,0.951,association
815722028,human,0.921,classification
815722244,non_human,0.943,association
815722244,human,0.907,classification
815722567,non_human,0.956,clustering
815722567,human,0.975,text
815722703,non_human,0.959,association
815722703,human,0.957,clustering
815723021,human,0.947,association
815723021,non_human,0.906,text
815723211,non_human,0.958,association
815723211,human,0.917,clustering
815723276,non_human,0.944,regression
815723276,human,0.952,text
815723772,non_human,0.956,clustering
815723772,human,0.902,regression
815726086,human,0.909,association
815726086,non_human,0.956,clustering
815726306,human,0.907,association
815726306,non_human,0.956,clustering
815726374,non_human,0.901,association
815726374,human,0.918,text
815726832,non_human,0.956,clustering
815726832,human,0.968,text
815727017,non_human,0.956,clustering
815727017,human,0.928,text
815727202,human,0.947,association
815727202,non_human,0.961,text
815727903,non_human,0.943,association
815727903,human,0.94,text
815728046,non_human,0.901,association
815728046,human,0.982,text
815728205,non_human,0.951,association
815728205,human,0.957,clustering
815728802,non_human,0.956,clustering
815728802,human,0.922,regression
815728809,non_human,0.913,association
815728809,human,0.974,text
815728833,non_human,0.901,regression
815728833,human,0.964,text
815729575,non_human,0.967,association
815729575,human,0.942,text
815729577,human,0.947,association
815729577,non_human,0.921,text
815730132,non_human,0.924,association
815730132,human,0.942,text
815730308,non_human,0.967,association
815730308,human,0.954,text
815730321,non_human,0.924,association
815730321,human,0.907,text
815730607,non_human,0.95,association
815730607,human,0.929,text
815730622,human,0.917,clustering
815730622,non_human,0.913,text
815731144,non_human,0.901,association
815731144,human,0.979,text
815731184,non_human,0.956,clustering
815731184,human,0.941,text
815731204,non_human,0.901,association
815731204,human,0.985,text
815731252,non_human,0.924,association
815731252,human,0.904,text
815731357,non_human,0.967,association
815731357,human,0.959,text
815731666,non_human,0.958,association
815731666,human,0.917,clustering
815731922,non_human,0.901,association
815731922,human,0.955,text
815732641,human,0.907,association
815732641,non_human,0.956,clustering
815732747,non_human,0.901,association
815732747,human,0.917,text
815732814,non_human,0.928,association
815732814,human,0.917,clustering
815733220,non_human,0.956,clustering
815733220,human,0.901,regression
815733291,non_human,0.901,association
815733291,human,0.914,text
815733480,human,0.917,classification
815733480,non_human,0.956,clustering
815733514,non_human,0.956,clustering
815733514,human,0.944,text
815733631,non_human,0.958,association
815733631,human,0.932,text
815733898,non_human,0.958,association
815733898,human,0.917,clustering
815734768,non_human,0.901,association
815734768,human,0.989,text
815735070,non_human,0.958,association
815735070,human,0.908,text
815735718,non_human,0.924,association
815735718,human,0.921,text
815735778,non_human,0.924,association
815735778,human,0.944,text
815736468,non_human,0.992,association
815736468,human,0.917,clustering
815736572,non_human,0.989,association
815736572,human,0.914,text
815736819,non_human,0.956,clustering
815736819,human,0.94,text
815736880,non_human,0.951,association
815736880,human,0.909,classification
815737216,non_human,0.906,association
815737216,human,0.948,text
815737346,human,0.917,clustering
815737346,non_human,0.913,text
815737633,non_human,0.924,association
815737633,human,0.907,text
815737689,non_human,0.967,association
815737689,human,0.902,text
815737879,non_human,0.924,association
815737879,human,0.969,text
815737905,non_human,0.939,regression
815737905,human,0.917,text
815739196,non_human,0.956,clustering
815739196,human,0.914,text
815739241,human,0.909,association
815739241,non_human,0.924,text
815739318,human,0.917,clustering
815739318,non_human,0.908,text
