feature,coef
fav_number_log,0.1663008223696277
account_age_days,0.0726128563392403
text_has_emoji,0.06954731298747344
sidebar_default,0.04648856963536635
tweets_per_day_log,0.043485708103863596
tz_Quito,0.03531155851983738
tz_Arizona,0.030657403752334875
tz_Amsterdam,0.02902083429068242
tz_Other,0.023674006619924248
link_b,0.020956006357646172
name_n_digits,0.015903286270360976
link_r,0.014325651020836015
tz_Casablanca,0.013938699517688868
sidebar_g,0.013383798205225715
timezone_missing,0.012262660781973508
link_g,0.0008093769863223229
location_missing,6.298993175400447e-05
tz_Mountain Time (US & Canada),-0.004158682571154222
sidebar_b,-0.00653570973454024
text_n_mentions,-0.00656968557752762
desc_missing,-0.013334550360519531
link_default,-0.01337184643869012
text_n_hashtags,-0.015466260317550686
tz_London,-0.01725639181226049
sidebar_r,-0.01745469738705646
tz_Central Time (US & Canada),-0.019435534539776617
tz_Atlantic Time (Canada),-0.022396439522603347
text_len,-0.025582158754899557
favs_per_day_log,-0.03169847731527696
tz_Pacific Time (US & Canada),-0.031865208621453395
has_coord,-0.03628629693480709
tz_Eastern Time (US & Canada),-0.049752906415190465
desc_len,-0.058951719228433695
text_n_urls,-0.07183771426240783
has_retweets,-0.08446027204255238
desc_has_url,-0.08615635139814017
tweet_count_log,-0.09373058982776732
default_image,-0.557221289175502
