_unit_id,says,score,recorded,votes,split,gender,name,gender:confidence
815724853,non_human,0.991,human,1,train,female,01808gnlb,0.3374
815733117,human,0.989,non_human,1,validation,brand,McTermii,1.0
815719775,non_human,0.989,human,1,test,male,Free_Martinis,0.6472
815735687,human,0.986,non_human,1,validation,brand,CyborgScreams,0.6768
815729075,non_human,0.985,human,1,train,male,04768lktc,0.3494
815728354,non_human,0.985,human,1,validation,female,07199jcsc,0.3444
815725796,non_human,0.985,human,1,train,female,27349stwd,0.3357
815733066,human,0.981,non_human,1,train,brand,Iovesays,1.0
815731938,human,0.981,non_human,1,validation,brand,Gerrisol,0.6601
815722929,human,0.979,non_human,1,test,brand,fosteravepro,0.6642
815723335,human,0.978,non_human,1,test,brand,tasteofassam,0.6638
815730167,human,0.977,non_human,1,validation,brand,twinkhedgehog,0.6506
815731645,human,0.976,non_human,1,test,brand,alexgasratchet,0.3374
815734877,human,0.976,non_human,1,validation,brand,Mistehhhh,0.3488
815719581,human,0.974,non_human,1,test,brand,IgniteMeRiRi,0.6634
815738948,human,0.973,non_human,1,test,brand,forestbirb,0.3415
815729597,human,0.973,non_human,1,train,brand,CrimsonLCC,0.658
815723066,human,0.97,non_human,1,test,brand,FFGC_SMatthews,0.6497
815722579,human,0.97,non_human,1,train,brand,tonguesintrees,0.3503
815731049,human,0.969,non_human,1,test,brand,hunhoot1,0.6538
815737879,human,0.969,non_human,1,test,brand,TomMSFT,0.6504
815738508,human,0.965,non_human,1,validation,brand,ShezaHolmes,0.6461
815724331,human,0.965,non_human,1,test,brand,Zachs_A_Million,0.6619
815739043,human,0.964,non_human,1,train,brand,AsahSkye,0.6667
815736013,human,0.963,non_human,1,test,brand,southstandnige9,1.0
815732647,human,0.963,non_human,1,validation,brand,icanttt,0.6835
815727634,human,0.961,non_human,1,test,brand,thewasabiman,1.0
815729683,human,0.961,non_human,1,train,brand,frankenwentz,0.6524
815735994,human,0.96,non_human,1,test,brand,Wins2011,1.0
815738063,human,0.957,non_human,1,validation,brand,TipsForYouDaily,1.0
815729379,human,0.957,non_human,1,train,brand,_LifeInSong_,1.0
815736589,human,0.957,non_human,1,validation,brand,iamdaman00,0.6476
815725173,human,0.955,non_human,1,test,brand,powderballcp,1.0
815733196,human,0.955,non_human,1,test,brand,JuanisaGundam,0.6725
815733374,human,0.955,non_human,1,test,brand,littleredspook,0.6502
815729780,human,0.954,non_human,1,validation,brand,itsterrio_hoe,0.6704
815729142,human,0.954,non_human,1,test,brand,DEEJAYMOB,1.0
815736945,human,0.954,non_human,1,validation,brand,ThePaintedElf,0.6717
815731229,human,0.954,non_human,1,validation,brand,Dizzie_Dog,0.6601
815721726,human,0.954,non_human,1,train,brand,labelsforlunch,0.6694
815735938,human,0.953,non_human,1,validation,brand,yomings,0.3632
815729012,human,0.953,non_human,1,validation,brand,AnahienMurcia,0.348
815729776,human,0.953,non_human,1,validation,brand,ssquala,0.6669
815720278,human,0.951,non_human,1,test,brand,GermanWizard11,0.6789
815726976,human,0.951,non_human,1,test,brand,BCmoney805,0.6561
815732751,human,0.948,non_human,1,validation,brand,ChanceOneShot,0.66
815731845,human,0.948,non_human,1,validation,brand,sugarspankhorn,0.65
815722399,human,0.947,non_human,1,train,brand,ItsHumanity,0.6699
815737817,human,0.946,non_human,1,test,brand,hemmoschode,0.653
815737769,human,0.946,non_human,1,test,brand,Obmaha,0.6298
815731207,human,0.946,non_human,1,validation,brand,louissrovers,0.6516
815736842,human,0.946,non_human,1,validation,brand,PatsCollection,0.6612
815738205,human,0.946,non_human,1,validation,brand,healfranta,0.6685
815730949,human,0.946,non_human,1,validation,brand,_grace_v,0.3539
815733992,human,0.945,non_human,1,validation,brand,BonesDobie,1.0
815726010,human,0.943,non_human,1,test,brand,Spronks1,1.0
815730392,human,0.943,non_human,1,validation,brand,indiabrazil,1.0
815725172,human,0.943,non_human,1,test,brand,RosellMartin88,0.6666
815731735,human,0.941,non_human,1,validation,brand,erintaylordesk,0.3449
815735985,human,0.94,non_human,1,validation,brand,soconnor76,0.6583
815720525,human,0.94,non_human,1,validation,brand,reisakuma,0.6769
815720114,human,0.94,non_human,1,validation,brand,DCDouchbag,1.0
815737970,human,0.939,non_human,1,train,brand,chaacSmite,0.6212
815727794,non_human,0.939,human,1,test,male,IPOSniffer,1.0
815727073,human,0.939,non_human,1,test,brand,louehisart,0.65
815736297,human,0.937,non_human,1,validation,brand,MagPromo,1.0
815726616,human,0.935,non_human,1,test,brand,MejoresLook,1.0
815732105,human,0.935,non_human,1,test,brand,NoChiIlTweets,0.6575
815719431,human,0.935,non_human,1,train,brand,English_Cocker,0.6523
815732524,human,0.934,non_human,1,validation,brand,Sigueme_todo,0.3485
815719396,human,0.934,non_human,1,test,brand,MightyMoose3,0.661
815734573,human,0.934,non_human,1,validation,brand,killuaura,0.341
815731844,human,0.934,non_human,1,test,brand,kgracehicks2,0.6429
815734037,human,0.933,non_human,1,validation,brand,ScyTweeter,0.6866
815733175,human,0.933,non_human,1,test,brand,Beardlini,0.6386
815723952,human,0.932,non_human,1,test,brand,mom2yahoos,0.3571
815737303,human,0.932,non_human,1,test,brand,TheOnlyAhmed,0.6751
815735527,human,0.932,non_human,1,test,brand,SuruLT,0.6684
815738511,human,0.931,non_human,1,test,brand,Futureollg1313,0.6731
815737214,human,0.93,non_human,1,validation,brand,OregonBiker,0.6654
815736474,human,0.93,non_human,1,train,brand,ThreeGymnopedie,0.3447
815719776,human,0.93,non_human,1,validation,brand,Rampantredlion1,0.6672
815736335,human,0.93,non_human,1,validation,brand,fanficfr,0.6777
815727353,human,0.929,non_human,1,validation,brand,jewontheright,0.672
815737036,human,0.929,non_human,1,validation,brand,DefiantBA,1.0
815735389,human,0.928,non_human,1,train,brand,Thatdamn_Scrapp,0.3383
815731002,human,0.928,non_human,1,test,brand,Backspacebills,1.0
815731398,human,0.927,non_human,1,test,brand,hesft1975,0.3462
815723769,human,0.927,non_human,1,train,brand,PTAlanSwann,0.6556
815734965,human,0.927,non_human,1,validation,brand,KaraAbheri1,0.6525
815735709,human,0.926,non_human,1,test,brand,QPRBeverlyHills,1.0
815720014,human,0.925,non_human,1,train,brand,DJ_UnDisTone,0.6571
815736502,human,0.925,non_human,1,train,brand,GeckoQuoteBot,0.6801
815723798,human,0.925,non_human,1,test,brand,ebooks_chevaux,1.0
815724110,human,0.924,non_human,1,validation,brand,MochaLattePanda,0.6691
815731772,human,0.924,non_human,1,train,brand,MusikDaLYCD,1.0
815725278,human,0.924,non_human,1,test,brand,BillyTorain,0.6626
815727725,human,0.924,non_human,1,validation,brand,tomlinflows,0.6643
815721246,human,0.923,non_human,1,train,brand,jadespr1te,0.6655
815733347,human,0.923,non_human,1,train,brand,TheOtherPlus1,1.0
815723535,human,0.923,non_human,1,validation,brand,cocoandghosty3h,0.6612
815737698,human,0.922,non_human,1,test,brand,Hessahalkhawari,0.3389
815735963,human,0.922,non_human,1,test,brand,JaneCalladine1,1.0
815731822,human,0.921,non_human,1,validation,brand,Haunted_Getaway,1.0
815720345,human,0.921,non_human,1,test,brand,Rombaart,1.0
815731718,human,0.92,non_human,1,train,brand,AlmiiCuello,0.314
815732281,human,0.919,non_human,1,train,brand,AvivaOfficial3,1.0
815734033,human,0.919,non_human,1,test,brand,samsBellabob,1.0
815729701,human,0.917,non_human,1,validation,brand,GreenInvestGuy,1.0
815736733,human,0.917,non_human,1,test,brand,PASTTHEGONE,0.6629
815731078,human,0.917,non_human,1,validation,brand,vonea,1.0
815731810,human,0.917,non_human,1,test,brand,HelpFindACure10,1.0
815738725,human,0.916,non_human,1,validation,brand,FilAEK,0.6578
815730437,human,0.916,non_human,1,validation,brand,PipeWomensPro,1.0
815720450,human,0.915,non_human,1,validation,brand,AFlyswatter,1.0
815720833,human,0.915,non_human,1,train,brand,adhipolice881,0.6983
815732222,non_human,0.915,human,1,validation,male,iPeytonManning,1.0
815726719,human,0.915,non_human,1,validation,brand,Shutter_Lense,0.3459
815736572,human,0.914,non_human,1,test,brand,JMMatthewsBooks,0.6641
815739580,human,0.914,non_human,1,train,brand,BabiesGunsJesus,0.6354
815734015,human,0.914,non_human,1,test,brand,brodigan,1.0
815722430,human,0.914,non_human,1,validation,brand,creeper32605,0.6432
815728020,human,0.914,non_human,1,train,brand,sungohst,0.3354
815738361,human,0.913,non_human,1,validation,brand,Imreallyshitty,0.676
815731574,human,0.913,non_human,1,validation,brand,Mewtilate,0.6648
815735283,human,0.912,non_human,1,validation,brand,TruthBToldDe,0.647
815736247,human,0.912,non_human,1,train,brand,DevanPalmer,0.6626
815735449,human,0.911,non_human,1,validation,brand,rotherhithetour,1.0
815737509,human,0.911,non_human,1,validation,brand,viperblood77,1.0
815733298,human,0.91,non_human,1,validation,brand,BardockIRL,0.6678
815734574,human,0.91,non_human,1,train,brand,HRHAerickLux,0.6605
815735138,human,0.909,non_human,1,test,brand,FrostyBear21,0.6641
815738807,human,0.909,non_human,1,validation,brand,94charminglouis,0.6686
815723509,human,0.909,non_human,1,test,brand,darmeemati,1.0
815730174,human,0.908,non_human,1,test,brand,Bengals_NEFL,1.0
815737271,human,0.907,non_human,1,train,brand,breakingadriel,0.3417
815733675,human,0.907,non_human,1,train,brand,XUrbanSimsX,0.672
815735103,human,0.906,non_human,1,test,brand,GbenroBasit,1.0
815735393,human,0.906,non_human,1,validation,brand,TENCH0U_,0.6772
815721704,non_human,0.906,human,1,validation,male,Unilag2Funaab,1.0
815736601,human,0.905,non_human,1,train,brand,Lunatik_guy,0.3425
815736939,human,0.905,non_human,1,validation,brand,Terick_7,0.3548
815731177,human,0.904,non_human,1,validation,brand,156Sharknose,0.3402
815731719,human,0.904,non_human,1,test,brand,greysbot,1.0
815725754,human,0.904,non_human,1,validation,brand,K1LLz_,0.369
815724033,human,0.904,non_human,1,test,brand,ssnaqi,0.6656
815738575,human,0.903,non_human,1,train,brand,AWESOMEMIX_VOL1,1.0
815719381,human,0.902,non_human,1,validation,brand,4qhks,1.0
815733174,human,0.902,non_human,1,train,brand,daddy_unchained,0.3303
815732036,human,0.901,non_human,1,train,brand,ForMyDreamBody,0.65
815729633,human,0.901,non_human,1,train,brand,Kuwaballer,0.3537
815735306,human,0.9,non_human,1,validation,brand,HazionC,0.6577
815731057,human,0.9,non_human,1,test,brand,MimiNiMukale,0.6748
815720701,human,0.9,non_human,1,test,brand,jvngwheein,0.6774
815739540,human,0.9,non_human,1,train,brand,KuKu_EmmaW_fan,0.3418
